data,pacote,origem_registro,estado_inicial_id,pagamentos_do_dia,valor_total_pagamentos_dia,recebidos_disponiveis_inicio_dia,recebidos_ativados_no_dia,lotes_ativos_inicio_dia,lotes_vencidos_normalizados_no_dia,lotes_exauridos_inicio_dia,fontes_disponiveis_inicio_dia,destinos_ranking_elegiveis,candidatos_switching_disponiveis,candidatos_switching_bloqueados_gate,candidatos_switching_promoviveis,candidatos_shadow_total,candidatos_shadow_mapeaveis_no_dia,pacote_construido_no_motor,pacote_avaliado_no_motor,pacote_factivel_no_estado,pacote_materializado_no_fluxo_atual,pacote_vencedor_observado,pacotes_materializados_observados,motivo_nao_construido,motivo_nao_avaliado,motivo_infactibilidade,motivo_descarte,motivo_nao_materializado,valor_objetivo_ou_proxy_terminal,delta_vs_no_action,delta_vs_pay_only,status_ledger_resultante,motivo_ledger_resultante,usa_multifonte,qtd_fontes_pagamento,qtd_pagamentos_multifonte,observacao_auditoria,pacote_candidato_nao_decisorio,dry_run_sem_materializacao
2026-05-07,no_action,fora_janela_do_dia,estado_0001,1,110.0,0,0,0,0,0,0,78,390,151,0,390,390,0,0,0,0,pay_only,pay_only,pagamento_obrigatorio_no_dia,comparador_de_pacotes_ainda_nao_decisorio,pagamento_obrigatorio_no_dia,comparador_de_pacotes_ainda_nao_decisorio,pacote_nao_materializado_por_restricao_da_etapa,,,,ok,n/d,0,1,0,n/d,0,0
2026-05-07,switch_only,fora_janela_do_dia,estado_0001,1,110.0,0,0,0,0,0,0,78,390,151,0,390,390,0,0,0,0,pay_only,pay_only,pagamento_obrigatorio_no_dia,comparador_de_pacotes_ainda_nao_decisorio,pagamento_obrigatorio_no_dia,comparador_de_pacotes_ainda_nao_decisorio,pacote_nao_materializado_por_restricao_da_etapa,,,,ok,n/d,0,1,0,n/d,0,1
2026-05-07,pay_only,motor_nativo_dry_run,estado_0001,1,110.0,0,0,0,0,0,0,78,390,151,0,390,390,1,1,1,1,pay_only,pay_only,n/d,n/d,n/d,n/d,n/d,,,,ok,n/d,0,1,0,construido_dry_run_nao_decisorio,1,0
2026-05-07,switch_then_pay,motor_nativo_dry_run,estado_0001,1,110.0,0,0,0,0,0,0,78,390,151,0,390,390,1,1,0,0,pay_only,pay_only,n/d,n/d,bloqueado_por_gate,comparador_de_pacotes_ainda_nao_decisorio,bloqueado_por_gate,,,,ok,n/d,0,1,0,construido_dry_run_nao_decisorio,1,1
2026-05-07,pay_then_switch,motor_nativo_dry_run,estado_0001,1,110.0,0,0,0,0,0,0,78,390,151,0,390,390,1,1,0,0,pay_only,pay_only,n/d,n/d,bloqueado_por_gate,comparador_de_pacotes_ainda_nao_decisorio,bloqueado_por_gate,,,,ok,n/d,0,1,0,construido_dry_run_nao_decisorio,1,1
2026-05-08,no_action,fora_janela_do_dia,estado_0002,2,185.0,0,0,0,0,0,0,78,0,0,0,390,0,0,0,0,0,pay_only,pay_only,pagamento_obrigatorio_no_dia,comparador_de_pacotes_ainda_nao_decisorio,pagamento_obrigatorio_no_dia,comparador_de_pacotes_ainda_nao_decisorio,pacote_nao_materializado_por_restricao_da_etapa,,,,ok,n/d,0,2,0,n/d,0,0
2026-05-08,switch_only,fora_janela_do_dia,estado_0002,2,185.0,0,0,0,0,0,0,78,0,0,0,390,0,0,0,0,0,pay_only,pay_only,pagamento_obrigatorio_no_dia,comparador_de_pacotes_ainda_nao_decisorio,pagamento_obrigatorio_no_dia,comparador_de_pacotes_ainda_nao_decisorio,pacote_nao_materializado_por_restricao_da_etapa,,,,ok,n/d,0,2,0,n/d,0,1
2026-05-08,pay_only,motor_nativo_dry_run,estado_0002,2,185.0,0,0,0,0,0,0,78,0,0,0,390,0,1,1,1,1,pay_only,pay_only,n/d,n/d,n/d,n/d,n/d,,,,ok,n/d,0,2,0,construido_dry_run_nao_decisorio,1,0
2026-05-08,switch_then_pay,motor_nativo_dry_run,estado_0002,2,185.0,0,0,0,0,0,0,78,0,0,0,390,0,1,1,0,0,pay_only,pay_only,n/d,n/d,shadow_sem_mapeamento_diario,comparador_de_pacotes_ainda_nao_decisorio,shadow_sem_mapeamento_diario,,,,ok,n/d,0,2,0,construido_dry_run_nao_decisorio,1,1
2026-05-08,pay_then_switch,motor_nativo_dry_run,estado_0002,2,185.0,0,0,0,0,0,0,78,0,0,0,390,0,1,1,0,0,pay_only,pay_only,n/d,n/d,shadow_sem_mapeamento_diario,comparador_de_pacotes_ainda_nao_decisorio,shadow_sem_mapeamento_diario,,,,ok,n/d,0,2,0,construido_dry_run_nao_decisorio,1,1
2026-05-11,no_action,fora_janela_do_dia,estado_0003,1,98.88,0,0,0,0,0,0,78,0,0,0,390,0,0,0,0,0,pay_only,pay_only,pagamento_obrigatorio_no_dia,comparador_de_pacotes_ainda_nao_decisorio,pagamento_obrigatorio_no_dia,comparador_de_pacotes_ainda_nao_decisorio,pacote_nao_materializado_por_restricao_da_etapa,,,,ok,n/d,0,1,0,n/d,0,0
2026-05-11,switch_only,fora_janela_do_dia,estado_0003,1,98.88,0,0,0,0,0,0,78,0,0,0,390,0,0,0,0,0,pay_only,pay_only,pagamento_obrigatorio_no_dia,comparador_de_pacotes_ainda_nao_decisorio,pagamento_obrigatorio_no_dia,comparador_de_pacotes_ainda_nao_decisorio,pacote_nao_materializado_por_restricao_da_etapa,,,,ok,n/d,0,1,0,n/d,0,1
2026-05-11,pay_only,motor_nativo_dry_run,estado_0003,1,98.88,0,0,0,0,0,0,78,0,0,0,390,0,1,1,1,1,pay_only,pay_only,n/d,n/d,n/d,n/d,n/d,,,,ok,n/d,0,1,0,construido_dry_run_nao_decisorio,1,0
2026-05-11,switch_then_pay,motor_nativo_dry_run,estado_0003,1,98.88,0,0,0,0,0,0,78,0,0,0,390,0,1,1,0,0,pay_only,pay_only,n/d,n/d,shadow_sem_mapeamento_diario,comparador_de_pacotes_ainda_nao_decisorio,shadow_sem_mapeamento_diario,,,,ok,n/d,0,1,0,construido_dry_run_nao_decisorio,1,1
2026-05-11,pay_then_switch,motor_nativo_dry_run,estado_0003,1,98.88,0,0,0,0,0,0,78,0,0,0,390,0,1,1,0,0,pay_only,pay_only,n/d,n/d,shadow_sem_mapeamento_diario,comparador_de_pacotes_ainda_nao_decisorio,shadow_sem_mapeamento_diario,,,,ok,n/d,0,1,0,construido_dry_run_nao_decisorio,1,1
2026-05-12,no_action,fora_janela_do_dia,estado_0004,3,3862.26,0,0,0,0,0,0,78,0,0,0,390,0,0,0,0,0,pay_only,pay_only,pagamento_obrigatorio_no_dia,comparador_de_pacotes_ainda_nao_decisorio,pagamento_obrigatorio_no_dia,comparador_de_pacotes_ainda_nao_decisorio,pacote_nao_materializado_por_restricao_da_etapa,,,,ok,n/d,1,4,1,n/d,0,0
2026-05-12,switch_only,fora_janela_do_dia,estado_0004,3,3862.26,0,0,0,0,0,0,78,0,0,0,390,0,0,0,0,0,pay_only,pay_only,pagamento_obrigatorio_no_dia,comparador_de_pacotes_ainda_nao_decisorio,pagamento_obrigatorio_no_dia,comparador_de_pacotes_ainda_nao_decisorio,pacote_nao_materializado_por_restricao_da_etapa,,,,ok,n/d,1,4,1,n/d,0,1
2026-05-12,pay_only,motor_nativo_dry_run,estado_0004,3,3862.26,0,0,0,0,0,0,78,0,0,0,390,0,1,1,1,1,pay_only,pay_only,n/d,n/d,n/d,n/d,n/d,,,,ok,n/d,1,4,1,construido_dry_run_nao_decisorio,1,0
2026-05-12,switch_then_pay,motor_nativo_dry_run,estado_0004,3,3862.26,0,0,0,0,0,0,78,0,0,0,390,0,1,1,0,0,pay_only,pay_only,n/d,n/d,shadow_sem_mapeamento_diario,comparador_de_pacotes_ainda_nao_decisorio,shadow_sem_mapeamento_diario,,,,ok,n/d,1,4,1,construido_dry_run_nao_decisorio,1,1
2026-05-12,pay_then_switch,motor_nativo_dry_run,estado_0004,3,3862.26,0,0,0,0,0,0,78,0,0,0,390,0,1,1,0,0,pay_only,pay_only,n/d,n/d,shadow_sem_mapeamento_diario,comparador_de_pacotes_ainda_nao_decisorio,shadow_sem_mapeamento_diario,,,,ok,n/d,1,4,1,construido_dry_run_nao_decisorio,1,1
2026-05-15,no_action,fora_janela_do_dia,estado_0005,1,132.4,0,0,0,0,0,0,78,0,0,0,390,0,0,0,0,0,pay_only,pay_only,pagamento_obrigatorio_no_dia,comparador_de_pacotes_ainda_nao_decisorio,pagamento_obrigatorio_no_dia,comparador_de_pacotes_ainda_nao_decisorio,pacote_nao_materializado_por_restricao_da_etapa,,,,ok,n/d,0,1,0,n/d,0,0
2026-05-15,switch_only,fora_janela_do_dia,estado_0005,1,132.4,0,0,0,0,0,0,78,0,0,0,390,0,0,0,0,0,pay_only,pay_only,pagamento_obrigatorio_no_dia,comparador_de_pacotes_ainda_nao_decisorio,pagamento_obrigatorio_no_dia,comparador_de_pacotes_ainda_nao_decisorio,pacote_nao_materializado_por_restricao_da_etapa,,,,ok,n/d,0,1,0,n/d,0,1
2026-05-15,pay_only,motor_nativo_dry_run,estado_0005,1,132.4,0,0,0,0,0,0,78,0,0,0,390,0,1,1,1,1,pay_only,pay_only,n/d,n/d,n/d,n/d,n/d,,,,ok,n/d,0,1,0,construido_dry_run_nao_decisorio,1,0
2026-05-15,switch_then_pay,motor_nativo_dry_run,estado_0005,1,132.4,0,0,0,0,0,0,78,0,0,0,390,0,1,1,0,0,pay_only,pay_only,n/d,n/d,shadow_sem_mapeamento_diario,comparador_de_pacotes_ainda_nao_decisorio,shadow_sem_mapeamento_diario,,,,ok,n/d,0,1,0,construido_dry_run_nao_decisorio,1,1
2026-05-15,pay_then_switch,motor_nativo_dry_run,estado_0005,1,132.4,0,0,0,0,0,0,78,0,0,0,390,0,1,1,0,0,pay_only,pay_only,n/d,n/d,shadow_sem_mapeamento_diario,comparador_de_pacotes_ainda_nao_decisorio,shadow_sem_mapeamento_diario,,,,ok,n/d,0,1,0,construido_dry_run_nao_decisorio,1,1
2026-05-20,no_action,fora_janela_do_dia,estado_0006,2,5485.31,0,0,0,0,0,0,78,0,0,0,390,0,0,0,0,0,pay_only,pay_only,pagamento_obrigatorio_no_dia,comparador_de_pacotes_ainda_nao_decisorio,pagamento_obrigatorio_no_dia,comparador_de_pacotes_ainda_nao_decisorio,pacote_nao_materializado_por_restricao_da_etapa,,,,ok,n/d,1,3,1,n/d,0,0
2026-05-20,switch_only,fora_janela_do_dia,estado_0006,2,5485.31,0,0,0,0,0,0,78,0,0,0,390,0,0,0,0,0,pay_only,pay_only,pagamento_obrigatorio_no_dia,comparador_de_pacotes_ainda_nao_decisorio,pagamento_obrigatorio_no_dia,comparador_de_pacotes_ainda_nao_decisorio,pacote_nao_materializado_por_restricao_da_etapa,,,,ok,n/d,1,3,1,n/d,0,1
2026-05-20,pay_only,motor_nativo_dry_run,estado_0006,2,5485.31,0,0,0,0,0,0,78,0,0,0,390,0,1,1,1,1,pay_only,pay_only,n/d,n/d,n/d,n/d,n/d,,,,ok,n/d,1,3,1,construido_dry_run_nao_decisorio,1,0
2026-05-20,switch_then_pay,motor_nativo_dry_run,estado_0006,2,5485.31,0,0,0,0,0,0,78,0,0,0,390,0,1,1,0,0,pay_only,pay_only,n/d,n/d,shadow_sem_mapeamento_diario,comparador_de_pacotes_ainda_nao_decisorio,shadow_sem_mapeamento_diario,,,,ok,n/d,1,3,1,construido_dry_run_nao_decisorio,1,1
2026-05-20,pay_then_switch,motor_nativo_dry_run,estado_0006,2,5485.31,0,0,0,0,0,0,78,0,0,0,390,0,1,1,0,0,pay_only,pay_only,n/d,n/d,shadow_sem_mapeamento_diario,comparador_de_pacotes_ainda_nao_decisorio,shadow_sem_mapeamento_diario,,,,ok,n/d,1,3,1,construido_dry_run_nao_decisorio,1,1
2026-06-02,no_action,fora_janela_do_dia,estado_0007,1,580.0,0,0,0,0,0,0,78,0,0,0,390,0,0,0,0,0,pay_only,pay_only,pagamento_obrigatorio_no_dia,comparador_de_pacotes_ainda_nao_decisorio,pagamento_obrigatorio_no_dia,comparador_de_pacotes_ainda_nao_decisorio,pacote_nao_materializado_por_restricao_da_etapa,,,,ok,n/d,0,1,0,n/d,0,0
2026-06-02,switch_only,fora_janela_do_dia,estado_0007,1,580.0,0,0,0,0,0,0,78,0,0,0,390,0,0,0,0,0,pay_only,pay_only,pagamento_obrigatorio_no_dia,comparador_de_pacotes_ainda_nao_decisorio,pagamento_obrigatorio_no_dia,comparador_de_pacotes_ainda_nao_decisorio,pacote_nao_materializado_por_restricao_da_etapa,,,,ok,n/d,0,1,0,n/d,0,1
2026-06-02,pay_only,motor_nativo_dry_run,estado_0007,1,580.0,0,0,0,0,0,0,78,0,0,0,390,0,1,1,1,1,pay_only,pay_only,n/d,n/d,n/d,n/d,n/d,,,,ok,n/d,0,1,0,construido_dry_run_nao_decisorio,1,0
2026-06-02,switch_then_pay,motor_nativo_dry_run,estado_0007,1,580.0,0,0,0,0,0,0,78,0,0,0,390,0,1,1,0,0,pay_only,pay_only,n/d,n/d,shadow_sem_mapeamento_diario,comparador_de_pacotes_ainda_nao_decisorio,shadow_sem_mapeamento_diario,,,,ok,n/d,0,1,0,construido_dry_run_nao_decisorio,1,1
2026-06-02,pay_then_switch,motor_nativo_dry_run,estado_0007,1,580.0,0,0,0,0,0,0,78,0,0,0,390,0,1,1,0,0,pay_only,pay_only,n/d,n/d,shadow_sem_mapeamento_diario,comparador_de_pacotes_ainda_nao_decisorio,shadow_sem_mapeamento_diario,,,,ok,n/d,0,1,0,construido_dry_run_nao_decisorio,1,1
2026-06-05,no_action,fora_janela_do_dia,estado_0008,2,1145.0,0,0,0,0,0,0,78,0,0,0,390,0,0,0,0,0,pay_only,pay_only,pagamento_obrigatorio_no_dia,comparador_de_pacotes_ainda_nao_decisorio,pagamento_obrigatorio_no_dia,comparador_de_pacotes_ainda_nao_decisorio,pacote_nao_materializado_por_restricao_da_etapa,,,,ok,n/d,0,2,0,n/d,0,0
2026-06-05,switch_only,fora_janela_do_dia,estado_0008,2,1145.0,0,0,0,0,0,0,78,0,0,0,390,0,0,0,0,0,pay_only,pay_only,pagamento_obrigatorio_no_dia,comparador_de_pacotes_ainda_nao_decisorio,pagamento_obrigatorio_no_dia,comparador_de_pacotes_ainda_nao_decisorio,pacote_nao_materializado_por_restricao_da_etapa,,,,ok,n/d,0,2,0,n/d,0,1
2026-06-05,pay_only,motor_nativo_dry_run,estado_0008,2,1145.0,0,0,0,0,0,0,78,0,0,0,390,0,1,1,1,1,pay_only,pay_only,n/d,n/d,n/d,n/d,n/d,,,,ok,n/d,0,2,0,construido_dry_run_nao_decisorio,1,0
2026-06-05,switch_then_pay,motor_nativo_dry_run,estado_0008,2,1145.0,0,0,0,0,0,0,78,0,0,0,390,0,1,1,0,0,pay_only,pay_only,n/d,n/d,shadow_sem_mapeamento_diario,comparador_de_pacotes_ainda_nao_decisorio,shadow_sem_mapeamento_diario,,,,ok,n/d,0,2,0,construido_dry_run_nao_decisorio,1,1
2026-06-05,pay_then_switch,motor_nativo_dry_run,estado_0008,2,1145.0,0,0,0,0,0,0,78,0,0,0,390,0,1,1,0,0,pay_only,pay_only,n/d,n/d,shadow_sem_mapeamento_diario,comparador_de_pacotes_ainda_nao_decisorio,shadow_sem_mapeamento_diario,,,,ok,n/d,0,2,0,construido_dry_run_nao_decisorio,1,1
2026-06-08,no_action,fora_janela_do_dia,estado_0009,1,120.0,0,0,0,0,0,0,78,0,0,0,390,0,0,0,0,0,pay_only,pay_only,pagamento_obrigatorio_no_dia,comparador_de_pacotes_ainda_nao_decisorio,pagamento_obrigatorio_no_dia,comparador_de_pacotes_ainda_nao_decisorio,pacote_nao_materializado_por_restricao_da_etapa,,,,ok,não determinado,0,1,0,n/d,0,0
2026-06-08,switch_only,fora_janela_do_dia,estado_0009,1,120.0,0,0,0,0,0,0,78,0,0,0,390,0,0,0,0,0,pay_only,pay_only,pagamento_obrigatorio_no_dia,comparador_de_pacotes_ainda_nao_decisorio,pagamento_obrigatorio_no_dia,comparador_de_pacotes_ainda_nao_decisorio,pacote_nao_materializado_por_restricao_da_etapa,,,,ok,não determinado,0,1,0,n/d,0,1
2026-06-08,pay_only,motor_nativo_dry_run,estado_0009,1,120.0,0,0,0,0,0,0,78,0,0,0,390,0,1,1,1,1,pay_only,pay_only,n/d,n/d,n/d,n/d,n/d,,,,ok,não determinado,0,1,0,construido_dry_run_nao_decisorio,1,0
2026-06-08,switch_then_pay,motor_nativo_dry_run,estado_0009,1,120.0,0,0,0,0,0,0,78,0,0,0,390,0,1,1,0,0,pay_only,pay_only,n/d,n/d,shadow_sem_mapeamento_diario,comparador_de_pacotes_ainda_nao_decisorio,shadow_sem_mapeamento_diario,,,,ok,não determinado,0,1,0,construido_dry_run_nao_decisorio,1,1
2026-06-08,pay_then_switch,motor_nativo_dry_run,estado_0009,1,120.0,0,0,0,0,0,0,78,0,0,0,390,0,1,1,0,0,pay_only,pay_only,n/d,n/d,shadow_sem_mapeamento_diario,comparador_de_pacotes_ainda_nao_decisorio,shadow_sem_mapeamento_diario,,,,ok,não determinado,0,1,0,construido_dry_run_nao_decisorio,1,1
2026-06-10,no_action,fora_janela_do_dia,estado_0010,3,645.0,0,0,0,0,0,0,78,0,0,0,390,0,0,0,0,0,pay_only,pay_only,pagamento_obrigatorio_no_dia,comparador_de_pacotes_ainda_nao_decisorio,pagamento_obrigatorio_no_dia,comparador_de_pacotes_ainda_nao_decisorio,pacote_nao_materializado_por_restricao_da_etapa,,,,ok,não determinado,0,3,0,n/d,0,0
2026-06-10,switch_only,fora_janela_do_dia,estado_0010,3,645.0,0,0,0,0,0,0,78,0,0,0,390,0,0,0,0,0,pay_only,pay_only,pagamento_obrigatorio_no_dia,comparador_de_pacotes_ainda_nao_decisorio,pagamento_obrigatorio_no_dia,comparador_de_pacotes_ainda_nao_decisorio,pacote_nao_materializado_por_restricao_da_etapa,,,,ok,não determinado,0,3,0,n/d,0,1
2026-06-10,pay_only,motor_nativo_dry_run,estado_0010,3,645.0,0,0,0,0,0,0,78,0,0,0,390,0,1,1,1,1,pay_only,pay_only,n/d,n/d,n/d,n/d,n/d,,,,ok,não determinado,0,3,0,construido_dry_run_nao_decisorio,1,0
2026-06-10,switch_then_pay,motor_nativo_dry_run,estado_0010,3,645.0,0,0,0,0,0,0,78,0,0,0,390,0,1,1,0,0,pay_only,pay_only,n/d,n/d,shadow_sem_mapeamento_diario,comparador_de_pacotes_ainda_nao_decisorio,shadow_sem_mapeamento_diario,,,,ok,não determinado,0,3,0,construido_dry_run_nao_decisorio,1,1
2026-06-10,pay_then_switch,motor_nativo_dry_run,estado_0010,3,645.0,0,0,0,0,0,0,78,0,0,0,390,0,1,1,0,0,pay_only,pay_only,n/d,n/d,shadow_sem_mapeamento_diario,comparador_de_pacotes_ainda_nao_decisorio,shadow_sem_mapeamento_diario,,,,ok,não determinado,0,3,0,construido_dry_run_nao_decisorio,1,1
2026-06-11,no_action,fora_janela_do_dia,estado_0011,1,95.12,0,0,0,0,0,0,78,0,0,0,390,0,0,0,0,0,pay_only,pay_only,pagamento_obrigatorio_no_dia,comparador_de_pacotes_ainda_nao_decisorio,pagamento_obrigatorio_no_dia,comparador_de_pacotes_ainda_nao_decisorio,pacote_nao_materializado_por_restricao_da_etapa,,,,sem_saldo_temporal_auditavel,saldo_temporal_insuficiente_cumulativo,0,1,0,n/d,0,0
2026-06-11,switch_only,fora_janela_do_dia,estado_0011,1,95.12,0,0,0,0,0,0,78,0,0,0,390,0,0,0,0,0,pay_only,pay_only,pagamento_obrigatorio_no_dia,comparador_de_pacotes_ainda_nao_decisorio,pagamento_obrigatorio_no_dia,comparador_de_pacotes_ainda_nao_decisorio,pacote_nao_materializado_por_restricao_da_etapa,,,,sem_saldo_temporal_auditavel,saldo_temporal_insuficiente_cumulativo,0,1,0,n/d,0,1
2026-06-11,pay_only,motor_nativo_dry_run,estado_0011,1,95.12,0,0,0,0,0,0,78,0,0,0,390,0,1,1,1,1,pay_only,pay_only,n/d,n/d,n/d,n/d,n/d,,,,sem_saldo_temporal_auditavel,saldo_temporal_insuficiente_cumulativo,0,1,0,construido_dry_run_nao_decisorio,1,0
2026-06-11,switch_then_pay,motor_nativo_dry_run,estado_0011,1,95.12,0,0,0,0,0,0,78,0,0,0,390,0,1,1,0,0,pay_only,pay_only,n/d,n/d,shadow_sem_mapeamento_diario,comparador_de_pacotes_ainda_nao_decisorio,shadow_sem_mapeamento_diario,,,,sem_saldo_temporal_auditavel,saldo_temporal_insuficiente_cumulativo,0,1,0,construido_dry_run_nao_decisorio,1,1
2026-06-11,pay_then_switch,motor_nativo_dry_run,estado_0011,1,95.12,0,0,0,0,0,0,78,0,0,0,390,0,1,1,0,0,pay_only,pay_only,n/d,n/d,shadow_sem_mapeamento_diario,comparador_de_pacotes_ainda_nao_decisorio,shadow_sem_mapeamento_diario,,,,sem_saldo_temporal_auditavel,saldo_temporal_insuficiente_cumulativo,0,1,0,construido_dry_run_nao_decisorio,1,1
2026-06-12,no_action,fora_janela_do_dia,estado_0012,2,3813.35,0,0,0,0,0,0,78,0,0,0,390,0,0,0,0,0,pay_only,pay_only,pagamento_obrigatorio_no_dia,comparador_de_pacotes_ainda_nao_decisorio,pagamento_obrigatorio_no_dia,comparador_de_pacotes_ainda_nao_decisorio,pacote_nao_materializado_por_restricao_da_etapa,,,,sem_saldo_temporal_auditavel,saldo_temporal_insuficiente_cumulativo,1,3,1,n/d,0,0
2026-06-12,switch_only,fora_janela_do_dia,estado_0012,2,3813.35,0,0,0,0,0,0,78,0,0,0,390,0,0,0,0,0,pay_only,pay_only,pagamento_obrigatorio_no_dia,comparador_de_pacotes_ainda_nao_decisorio,pagamento_obrigatorio_no_dia,comparador_de_pacotes_ainda_nao_decisorio,pacote_nao_materializado_por_restricao_da_etapa,,,,sem_saldo_temporal_auditavel,saldo_temporal_insuficiente_cumulativo,1,3,1,n/d,0,1
2026-06-12,pay_only,motor_nativo_dry_run,estado_0012,2,3813.35,0,0,0,0,0,0,78,0,0,0,390,0,1,1,1,1,pay_only,pay_only,n/d,n/d,n/d,n/d,n/d,,,,sem_saldo_temporal_auditavel,saldo_temporal_insuficiente_cumulativo,1,3,1,construido_dry_run_nao_decisorio,1,0
2026-06-12,switch_then_pay,motor_nativo_dry_run,estado_0012,2,3813.35,0,0,0,0,0,0,78,0,0,0,390,0,1,1,0,0,pay_only,pay_only,n/d,n/d,shadow_sem_mapeamento_diario,comparador_de_pacotes_ainda_nao_decisorio,shadow_sem_mapeamento_diario,,,,sem_saldo_temporal_auditavel,saldo_temporal_insuficiente_cumulativo,1,3,1,construido_dry_run_nao_decisorio,1,1
2026-06-12,pay_then_switch,motor_nativo_dry_run,estado_0012,2,3813.35,0,0,0,0,0,0,78,0,0,0,390,0,1,1,0,0,pay_only,pay_only,n/d,n/d,shadow_sem_mapeamento_diario,comparador_de_pacotes_ainda_nao_decisorio,shadow_sem_mapeamento_diario,,,,sem_saldo_temporal_auditavel,saldo_temporal_insuficiente_cumulativo,1,3,1,construido_dry_run_nao_decisorio,1,1
2026-06-15,no_action,fora_janela_do_dia,estado_0013,1,132.4,0,0,0,0,0,0,78,0,0,0,390,0,0,0,0,0,pay_only,pay_only,pagamento_obrigatorio_no_dia,comparador_de_pacotes_ainda_nao_decisorio,pagamento_obrigatorio_no_dia,comparador_de_pacotes_ainda_nao_decisorio,pacote_nao_materializado_por_restricao_da_etapa,,,,ok,n/d,0,1,0,n/d,0,0
2026-06-15,switch_only,fora_janela_do_dia,estado_0013,1,132.4,0,0,0,0,0,0,78,0,0,0,390,0,0,0,0,0,pay_only,pay_only,pagamento_obrigatorio_no_dia,comparador_de_pacotes_ainda_nao_decisorio,pagamento_obrigatorio_no_dia,comparador_de_pacotes_ainda_nao_decisorio,pacote_nao_materializado_por_restricao_da_etapa,,,,ok,n/d,0,1,0,n/d,0,1
2026-06-15,pay_only,motor_nativo_dry_run,estado_0013,1,132.4,0,0,0,0,0,0,78,0,0,0,390,0,1,1,1,1,pay_only,pay_only,n/d,n/d,n/d,n/d,n/d,,,,ok,n/d,0,1,0,construido_dry_run_nao_decisorio,1,0
2026-06-15,switch_then_pay,motor_nativo_dry_run,estado_0013,1,132.4,0,0,0,0,0,0,78,0,0,0,390,0,1,1,0,0,pay_only,pay_only,n/d,n/d,shadow_sem_mapeamento_diario,comparador_de_pacotes_ainda_nao_decisorio,shadow_sem_mapeamento_diario,,,,ok,n/d,0,1,0,construido_dry_run_nao_decisorio,1,1
2026-06-15,pay_then_switch,motor_nativo_dry_run,estado_0013,1,132.4,0,0,0,0,0,0,78,0,0,0,390,0,1,1,0,0,pay_only,pay_only,n/d,n/d,shadow_sem_mapeamento_diario,comparador_de_pacotes_ainda_nao_decisorio,shadow_sem_mapeamento_diario,,,,ok,n/d,0,1,0,construido_dry_run_nao_decisorio,1,1
2026-06-19,no_action,fora_janela_do_dia,estado_0014,2,7313.31,0,0,0,0,0,0,78,0,0,0,390,0,0,0,0,0,pay_only,pay_only,pagamento_obrigatorio_no_dia,comparador_de_pacotes_ainda_nao_decisorio,pagamento_obrigatorio_no_dia,comparador_de_pacotes_ainda_nao_decisorio,pacote_nao_materializado_por_restricao_da_etapa,,,,ok,n/d,1,3,1,n/d,0,0
2026-06-19,switch_only,fora_janela_do_dia,estado_0014,2,7313.31,0,0,0,0,0,0,78,0,0,0,390,0,0,0,0,0,pay_only,pay_only,pagamento_obrigatorio_no_dia,comparador_de_pacotes_ainda_nao_decisorio,pagamento_obrigatorio_no_dia,comparador_de_pacotes_ainda_nao_decisorio,pacote_nao_materializado_por_restricao_da_etapa,,,,ok,n/d,1,3,1,n/d,0,1
2026-06-19,pay_only,motor_nativo_dry_run,estado_0014,2,7313.31,0,0,0,0,0,0,78,0,0,0,390,0,1,1,1,1,pay_only,pay_only,n/d,n/d,n/d,n/d,n/d,,,,ok,n/d,1,3,1,construido_dry_run_nao_decisorio,1,0
2026-06-19,switch_then_pay,motor_nativo_dry_run,estado_0014,2,7313.31,0,0,0,0,0,0,78,0,0,0,390,0,1,1,0,0,pay_only,pay_only,n/d,n/d,shadow_sem_mapeamento_diario,comparador_de_pacotes_ainda_nao_decisorio,shadow_sem_mapeamento_diario,,,,ok,n/d,1,3,1,construido_dry_run_nao_decisorio,1,1
2026-06-19,pay_then_switch,motor_nativo_dry_run,estado_0014,2,7313.31,0,0,0,0,0,0,78,0,0,0,390,0,1,1,0,0,pay_only,pay_only,n/d,n/d,shadow_sem_mapeamento_diario,comparador_de_pacotes_ainda_nao_decisorio,shadow_sem_mapeamento_diario,,,,ok,n/d,1,3,1,construido_dry_run_nao_decisorio,1,1
2026-07-02,no_action,fora_janela_do_dia,estado_0015,1,930.0,0,0,0,0,0,0,78,0,0,0,390,0,0,0,0,0,pay_only,pay_only,pagamento_obrigatorio_no_dia,comparador_de_pacotes_ainda_nao_decisorio,pagamento_obrigatorio_no_dia,comparador_de_pacotes_ainda_nao_decisorio,pacote_nao_materializado_por_restricao_da_etapa,,,,ok,não determinado,0,1,0,n/d,0,0
2026-07-02,switch_only,fora_janela_do_dia,estado_0015,1,930.0,0,0,0,0,0,0,78,0,0,0,390,0,0,0,0,0,pay_only,pay_only,pagamento_obrigatorio_no_dia,comparador_de_pacotes_ainda_nao_decisorio,pagamento_obrigatorio_no_dia,comparador_de_pacotes_ainda_nao_decisorio,pacote_nao_materializado_por_restricao_da_etapa,,,,ok,não determinado,0,1,0,n/d,0,1
2026-07-02,pay_only,motor_nativo_dry_run,estado_0015,1,930.0,0,0,0,0,0,0,78,0,0,0,390,0,1,1,1,1,pay_only,pay_only,n/d,n/d,n/d,n/d,n/d,,,,ok,não determinado,0,1,0,construido_dry_run_nao_decisorio,1,0
2026-07-02,switch_then_pay,motor_nativo_dry_run,estado_0015,1,930.0,0,0,0,0,0,0,78,0,0,0,390,0,1,1,0,0,pay_only,pay_only,n/d,n/d,shadow_sem_mapeamento_diario,comparador_de_pacotes_ainda_nao_decisorio,shadow_sem_mapeamento_diario,,,,ok,não determinado,0,1,0,construido_dry_run_nao_decisorio,1,1
2026-07-02,pay_then_switch,motor_nativo_dry_run,estado_0015,1,930.0,0,0,0,0,0,0,78,0,0,0,390,0,1,1,0,0,pay_only,pay_only,n/d,n/d,shadow_sem_mapeamento_diario,comparador_de_pacotes_ainda_nao_decisorio,shadow_sem_mapeamento_diario,,,,ok,não determinado,0,1,0,construido_dry_run_nao_decisorio,1,1
2026-07-06,no_action,fora_janela_do_dia,estado_0016,2,1145.0,0,0,0,0,0,0,78,0,0,0,390,0,0,0,0,0,pay_only,pay_only,pagamento_obrigatorio_no_dia,comparador_de_pacotes_ainda_nao_decisorio,pagamento_obrigatorio_no_dia,comparador_de_pacotes_ainda_nao_decisorio,pacote_nao_materializado_por_restricao_da_etapa,,,,ok,não determinado,0,2,0,n/d,0,0
2026-07-06,switch_only,fora_janela_do_dia,estado_0016,2,1145.0,0,0,0,0,0,0,78,0,0,0,390,0,0,0,0,0,pay_only,pay_only,pagamento_obrigatorio_no_dia,comparador_de_pacotes_ainda_nao_decisorio,pagamento_obrigatorio_no_dia,comparador_de_pacotes_ainda_nao_decisorio,pacote_nao_materializado_por_restricao_da_etapa,,,,ok,não determinado,0,2,0,n/d,0,1
2026-07-06,pay_only,motor_nativo_dry_run,estado_0016,2,1145.0,0,0,0,0,0,0,78,0,0,0,390,0,1,1,1,1,pay_only,pay_only,n/d,n/d,n/d,n/d,n/d,,,,ok,não determinado,0,2,0,construido_dry_run_nao_decisorio,1,0
2026-07-06,switch_then_pay,motor_nativo_dry_run,estado_0016,2,1145.0,0,0,0,0,0,0,78,0,0,0,390,0,1,1,0,0,pay_only,pay_only,n/d,n/d,shadow_sem_mapeamento_diario,comparador_de_pacotes_ainda_nao_decisorio,shadow_sem_mapeamento_diario,,,,ok,não determinado,0,2,0,construido_dry_run_nao_decisorio,1,1
2026-07-06,pay_then_switch,motor_nativo_dry_run,estado_0016,2,1145.0,0,0,0,0,0,0,78,0,0,0,390,0,1,1,0,0,pay_only,pay_only,n/d,n/d,shadow_sem_mapeamento_diario,comparador_de_pacotes_ainda_nao_decisorio,shadow_sem_mapeamento_diario,,,,ok,não determinado,0,2,0,construido_dry_run_nao_decisorio,1,1
2026-07-08,no_action,fora_janela_do_dia,estado_0017,1,120.0,0,0,0,0,0,0,78,0,0,0,390,0,0,0,0,0,pay_only,pay_only,pagamento_obrigatorio_no_dia,comparador_de_pacotes_ainda_nao_decisorio,pagamento_obrigatorio_no_dia,comparador_de_pacotes_ainda_nao_decisorio,pacote_nao_materializado_por_restricao_da_etapa,,,,sem_saldo_temporal_auditavel,saldo_temporal_insuficiente_cumulativo,0,1,0,n/d,0,0
2026-07-08,switch_only,fora_janela_do_dia,estado_0017,1,120.0,0,0,0,0,0,0,78,0,0,0,390,0,0,0,0,0,pay_only,pay_only,pagamento_obrigatorio_no_dia,comparador_de_pacotes_ainda_nao_decisorio,pagamento_obrigatorio_no_dia,comparador_de_pacotes_ainda_nao_decisorio,pacote_nao_materializado_por_restricao_da_etapa,,,,sem_saldo_temporal_auditavel,saldo_temporal_insuficiente_cumulativo,0,1,0,n/d,0,1
2026-07-08,pay_only,motor_nativo_dry_run,estado_0017,1,120.0,0,0,0,0,0,0,78,0,0,0,390,0,1,1,1,1,pay_only,pay_only,n/d,n/d,n/d,n/d,n/d,,,,sem_saldo_temporal_auditavel,saldo_temporal_insuficiente_cumulativo,0,1,0,construido_dry_run_nao_decisorio,1,0
2026-07-08,switch_then_pay,motor_nativo_dry_run,estado_0017,1,120.0,0,0,0,0,0,0,78,0,0,0,390,0,1,1,0,0,pay_only,pay_only,n/d,n/d,shadow_sem_mapeamento_diario,comparador_de_pacotes_ainda_nao_decisorio,shadow_sem_mapeamento_diario,,,,sem_saldo_temporal_auditavel,saldo_temporal_insuficiente_cumulativo,0,1,0,construido_dry_run_nao_decisorio,1,1
2026-07-08,pay_then_switch,motor_nativo_dry_run,estado_0017,1,120.0,0,0,0,0,0,0,78,0,0,0,390,0,1,1,0,0,pay_only,pay_only,n/d,n/d,shadow_sem_mapeamento_diario,comparador_de_pacotes_ainda_nao_decisorio,shadow_sem_mapeamento_diario,,,,sem_saldo_temporal_auditavel,saldo_temporal_insuficiente_cumulativo,0,1,0,construido_dry_run_nao_decisorio,1,1
2026-07-10,no_action,fora_janela_do_dia,estado_0018,1,65.0,0,0,0,0,0,0,78,0,0,0,390,0,0,0,0,0,pay_only,pay_only,pagamento_obrigatorio_no_dia,comparador_de_pacotes_ainda_nao_decisorio,pagamento_obrigatorio_no_dia,comparador_de_pacotes_ainda_nao_decisorio,pacote_nao_materializado_por_restricao_da_etapa,,,,sem_saldo_temporal_auditavel,saldo_temporal_insuficiente_cumulativo,0,1,0,n/d,0,0
2026-07-10,switch_only,fora_janela_do_dia,estado_0018,1,65.0,0,0,0,0,0,0,78,0,0,0,390,0,0,0,0,0,pay_only,pay_only,pagamento_obrigatorio_no_dia,comparador_de_pacotes_ainda_nao_decisorio,pagamento_obrigatorio_no_dia,comparador_de_pacotes_ainda_nao_decisorio,pacote_nao_materializado_por_restricao_da_etapa,,,,sem_saldo_temporal_auditavel,saldo_temporal_insuficiente_cumulativo,0,1,0,n/d,0,1
2026-07-10,pay_only,motor_nativo_dry_run,estado_0018,1,65.0,0,0,0,0,0,0,78,0,0,0,390,0,1,1,1,1,pay_only,pay_only,n/d,n/d,n/d,n/d,n/d,,,,sem_saldo_temporal_auditavel,saldo_temporal_insuficiente_cumulativo,0,1,0,construido_dry_run_nao_decisorio,1,0
2026-07-10,switch_then_pay,motor_nativo_dry_run,estado_0018,1,65.0,0,0,0,0,0,0,78,0,0,0,390,0,1,1,0,0,pay_only,pay_only,n/d,n/d,shadow_sem_mapeamento_diario,comparador_de_pacotes_ainda_nao_decisorio,shadow_sem_mapeamento_diario,,,,sem_saldo_temporal_auditavel,saldo_temporal_insuficiente_cumulativo,0,1,0,construido_dry_run_nao_decisorio,1,1
2026-07-10,pay_then_switch,motor_nativo_dry_run,estado_0018,1,65.0,0,0,0,0,0,0,78,0,0,0,390,0,1,1,0,0,pay_only,pay_only,n/d,n/d,shadow_sem_mapeamento_diario,comparador_de_pacotes_ainda_nao_decisorio,shadow_sem_mapeamento_diario,,,,sem_saldo_temporal_auditavel,saldo_temporal_insuficiente_cumulativo,0,1,0,construido_dry_run_nao_decisorio,1,1
2026-07-13,no_action,fora_janela_do_dia,estado_0019,3,3908.47,0,0,0,0,0,0,78,0,0,0,390,0,0,0,0,0,pay_only,pay_only,pagamento_obrigatorio_no_dia,comparador_de_pacotes_ainda_nao_decisorio,pagamento_obrigatorio_no_dia,comparador_de_pacotes_ainda_nao_decisorio,pacote_nao_materializado_por_restricao_da_etapa,,,,sem_saldo_temporal_auditavel,saldo_temporal_insuficiente_cumulativo,0,3,0,n/d,0,0
2026-07-13,switch_only,fora_janela_do_dia,estado_0019,3,3908.47,0,0,0,0,0,0,78,0,0,0,390,0,0,0,0,0,pay_only,pay_only,pagamento_obrigatorio_no_dia,comparador_de_pacotes_ainda_nao_decisorio,pagamento_obrigatorio_no_dia,comparador_de_pacotes_ainda_nao_decisorio,pacote_nao_materializado_por_restricao_da_etapa,,,,sem_saldo_temporal_auditavel,saldo_temporal_insuficiente_cumulativo,0,3,0,n/d,0,1
2026-07-13,pay_only,motor_nativo_dry_run,estado_0019,3,3908.47,0,0,0,0,0,0,78,0,0,0,390,0,1,1,1,1,pay_only,pay_only,n/d,n/d,n/d,n/d,n/d,,,,sem_saldo_temporal_auditavel,saldo_temporal_insuficiente_cumulativo,0,3,0,construido_dry_run_nao_decisorio,1,0
2026-07-13,switch_then_pay,motor_nativo_dry_run,estado_0019,3,3908.47,0,0,0,0,0,0,78,0,0,0,390,0,1,1,0,0,pay_only,pay_only,n/d,n/d,shadow_sem_mapeamento_diario,comparador_de_pacotes_ainda_nao_decisorio,shadow_sem_mapeamento_diario,,,,sem_saldo_temporal_auditavel,saldo_temporal_insuficiente_cumulativo,0,3,0,construido_dry_run_nao_decisorio,1,1
2026-07-13,pay_then_switch,motor_nativo_dry_run,estado_0019,3,3908.47,0,0,0,0,0,0,78,0,0,0,390,0,1,1,0,0,pay_only,pay_only,n/d,n/d,shadow_sem_mapeamento_diario,comparador_de_pacotes_ainda_nao_decisorio,shadow_sem_mapeamento_diario,,,,sem_saldo_temporal_auditavel,saldo_temporal_insuficiente_cumulativo,0,3,0,construido_dry_run_nao_decisorio,1,1
2026-07-15,no_action,fora_janela_do_dia,estado_0020,2,182.4,0,0,0,0,0,0,78,0,0,0,390,0,0,0,0,0,pay_only,pay_only,pagamento_obrigatorio_no_dia,comparador_de_pacotes_ainda_nao_decisorio,pagamento_obrigatorio_no_dia,comparador_de_pacotes_ainda_nao_decisorio,pacote_nao_materializado_por_restricao_da_etapa,,,,ok,não determinado,0,2,0,n/d,0,0
2026-07-15,switch_only,fora_janela_do_dia,estado_0020,2,182.4,0,0,0,0,0,0,78,0,0,0,390,0,0,0,0,0,pay_only,pay_only,pagamento_obrigatorio_no_dia,comparador_de_pacotes_ainda_nao_decisorio,pagamento_obrigatorio_no_dia,comparador_de_pacotes_ainda_nao_decisorio,pacote_nao_materializado_por_restricao_da_etapa,,,,ok,não determinado,0,2,0,n/d,0,1
2026-07-15,pay_only,motor_nativo_dry_run,estado_0020,2,182.4,0,0,0,0,0,0,78,0,0,0,390,0,1,1,1,1,pay_only,pay_only,n/d,n/d,n/d,n/d,n/d,,,,ok,não determinado,0,2,0,construido_dry_run_nao_decisorio,1,0
2026-07-15,switch_then_pay,motor_nativo_dry_run,estado_0020,2,182.4,0,0,0,0,0,0,78,0,0,0,390,0,1,1,0,0,pay_only,pay_only,n/d,n/d,shadow_sem_mapeamento_diario,comparador_de_pacotes_ainda_nao_decisorio,shadow_sem_mapeamento_diario,,,,ok,não determinado,0,2,0,construido_dry_run_nao_decisorio,1,1
2026-07-15,pay_then_switch,motor_nativo_dry_run,estado_0020,2,182.4,0,0,0,0,0,0,78,0,0,0,390,0,1,1,0,0,pay_only,pay_only,n/d,n/d,shadow_sem_mapeamento_diario,comparador_de_pacotes_ainda_nao_decisorio,shadow_sem_mapeamento_diario,,,,ok,não determinado,0,2,0,construido_dry_run_nao_decisorio,1,1
2026-07-20,no_action,fora_janela_do_dia,estado_0021,2,6913.31,0,0,0,0,0,0,78,0,0,0,390,0,0,0,0,0,pay_only,pay_only,pagamento_obrigatorio_no_dia,comparador_de_pacotes_ainda_nao_decisorio,pagamento_obrigatorio_no_dia,comparador_de_pacotes_ainda_nao_decisorio,pacote_nao_materializado_por_restricao_da_etapa,,,,ok,n/d,1,3,1,n/d,0,0
2026-07-20,switch_only,fora_janela_do_dia,estado_0021,2,6913.31,0,0,0,0,0,0,78,0,0,0,390,0,0,0,0,0,pay_only,pay_only,pagamento_obrigatorio_no_dia,comparador_de_pacotes_ainda_nao_decisorio,pagamento_obrigatorio_no_dia,comparador_de_pacotes_ainda_nao_decisorio,pacote_nao_materializado_por_restricao_da_etapa,,,,ok,n/d,1,3,1,n/d,0,1
2026-07-20,pay_only,motor_nativo_dry_run,estado_0021,2,6913.31,0,0,0,0,0,0,78,0,0,0,390,0,1,1,1,1,pay_only,pay_only,n/d,n/d,n/d,n/d,n/d,,,,ok,n/d,1,3,1,construido_dry_run_nao_decisorio,1,0
2026-07-20,switch_then_pay,motor_nativo_dry_run,estado_0021,2,6913.31,0,0,0,0,0,0,78,0,0,0,390,0,1,1,0,0,pay_only,pay_only,n/d,n/d,shadow_sem_mapeamento_diario,comparador_de_pacotes_ainda_nao_decisorio,shadow_sem_mapeamento_diario,,,,ok,n/d,1,3,1,construido_dry_run_nao_decisorio,1,1
2026-07-20,pay_then_switch,motor_nativo_dry_run,estado_0021,2,6913.31,0,0,0,0,0,0,78,0,0,0,390,0,1,1,0,0,pay_only,pay_only,n/d,n/d,shadow_sem_mapeamento_diario,comparador_de_pacotes_ainda_nao_decisorio,shadow_sem_mapeamento_diario,,,,ok,n/d,1,3,1,construido_dry_run_nao_decisorio,1,1
2026-08-03,no_action,fora_janela_do_dia,estado_0022,1,1500.0,0,0,0,0,0,0,78,0,0,0,390,0,0,0,0,0,pay_only,pay_only,pagamento_obrigatorio_no_dia,comparador_de_pacotes_ainda_nao_decisorio,pagamento_obrigatorio_no_dia,comparador_de_pacotes_ainda_nao_decisorio,pacote_nao_materializado_por_restricao_da_etapa,,,,ok,não determinado,0,1,0,n/d,0,0
2026-08-03,switch_only,fora_janela_do_dia,estado_0022,1,1500.0,0,0,0,0,0,0,78,0,0,0,390,0,0,0,0,0,pay_only,pay_only,pagamento_obrigatorio_no_dia,comparador_de_pacotes_ainda_nao_decisorio,pagamento_obrigatorio_no_dia,comparador_de_pacotes_ainda_nao_decisorio,pacote_nao_materializado_por_restricao_da_etapa,,,,ok,não determinado,0,1,0,n/d,0,1
2026-08-03,pay_only,motor_nativo_dry_run,estado_0022,1,1500.0,0,0,0,0,0,0,78,0,0,0,390,0,1,1,1,1,pay_only,pay_only,n/d,n/d,n/d,n/d,n/d,,,,ok,não determinado,0,1,0,construido_dry_run_nao_decisorio,1,0
2026-08-03,switch_then_pay,motor_nativo_dry_run,estado_0022,1,1500.0,0,0,0,0,0,0,78,0,0,0,390,0,1,1,0,0,pay_only,pay_only,n/d,n/d,shadow_sem_mapeamento_diario,comparador_de_pacotes_ainda_nao_decisorio,shadow_sem_mapeamento_diario,,,,ok,não determinado,0,1,0,construido_dry_run_nao_decisorio,1,1
2026-08-03,pay_then_switch,motor_nativo_dry_run,estado_0022,1,1500.0,0,0,0,0,0,0,78,0,0,0,390,0,1,1,0,0,pay_only,pay_only,n/d,n/d,shadow_sem_mapeamento_diario,comparador_de_pacotes_ainda_nao_decisorio,shadow_sem_mapeamento_diario,,,,ok,não determinado,0,1,0,construido_dry_run_nao_decisorio,1,1
2026-08-05,no_action,fora_janela_do_dia,estado_0023,1,950.0,0,0,0,0,0,0,78,0,0,0,390,0,0,0,0,0,pay_only,pay_only,pagamento_obrigatorio_no_dia,comparador_de_pacotes_ainda_nao_decisorio,pagamento_obrigatorio_no_dia,comparador_de_pacotes_ainda_nao_decisorio,pacote_nao_materializado_por_restricao_da_etapa,,,,ok,não determinado,0,1,0,n/d,0,0
2026-08-05,switch_only,fora_janela_do_dia,estado_0023,1,950.0,0,0,0,0,0,0,78,0,0,0,390,0,0,0,0,0,pay_only,pay_only,pagamento_obrigatorio_no_dia,comparador_de_pacotes_ainda_nao_decisorio,pagamento_obrigatorio_no_dia,comparador_de_pacotes_ainda_nao_decisorio,pacote_nao_materializado_por_restricao_da_etapa,,,,ok,não determinado,0,1,0,n/d,0,1
2026-08-05,pay_only,motor_nativo_dry_run,estado_0023,1,950.0,0,0,0,0,0,0,78,0,0,0,390,0,1,1,1,1,pay_only,pay_only,n/d,n/d,n/d,n/d,n/d,,,,ok,não determinado,0,1,0,construido_dry_run_nao_decisorio,1,0
2026-08-05,switch_then_pay,motor_nativo_dry_run,estado_0023,1,950.0,0,0,0,0,0,0,78,0,0,0,390,0,1,1,0,0,pay_only,pay_only,n/d,n/d,shadow_sem_mapeamento_diario,comparador_de_pacotes_ainda_nao_decisorio,shadow_sem_mapeamento_diario,,,,ok,não determinado,0,1,0,construido_dry_run_nao_decisorio,1,1
2026-08-05,pay_then_switch,motor_nativo_dry_run,estado_0023,1,950.0,0,0,0,0,0,0,78,0,0,0,390,0,1,1,0,0,pay_only,pay_only,n/d,n/d,shadow_sem_mapeamento_diario,comparador_de_pacotes_ainda_nao_decisorio,shadow_sem_mapeamento_diario,,,,ok,não determinado,0,1,0,construido_dry_run_nao_decisorio,1,1
2026-08-06,no_action,fora_janela_do_dia,estado_0024,2,315.0,0,0,0,0,0,0,78,0,0,0,390,0,0,0,0,0,pay_only,pay_only,pagamento_obrigatorio_no_dia,comparador_de_pacotes_ainda_nao_decisorio,pagamento_obrigatorio_no_dia,comparador_de_pacotes_ainda_nao_decisorio,pacote_nao_materializado_por_restricao_da_etapa,,,,sem_saldo_temporal_auditavel,saldo_temporal_insuficiente_cumulativo,0,2,0,n/d,0,0
2026-08-06,switch_only,fora_janela_do_dia,estado_0024,2,315.0,0,0,0,0,0,0,78,0,0,0,390,0,0,0,0,0,pay_only,pay_only,pagamento_obrigatorio_no_dia,comparador_de_pacotes_ainda_nao_decisorio,pagamento_obrigatorio_no_dia,comparador_de_pacotes_ainda_nao_decisorio,pacote_nao_materializado_por_restricao_da_etapa,,,,sem_saldo_temporal_auditavel,saldo_temporal_insuficiente_cumulativo,0,2,0,n/d,0,1
2026-08-06,pay_only,motor_nativo_dry_run,estado_0024,2,315.0,0,0,0,0,0,0,78,0,0,0,390,0,1,1,1,1,pay_only,pay_only,n/d,n/d,n/d,n/d,n/d,,,,sem_saldo_temporal_auditavel,saldo_temporal_insuficiente_cumulativo,0,2,0,construido_dry_run_nao_decisorio,1,0
2026-08-06,switch_then_pay,motor_nativo_dry_run,estado_0024,2,315.0,0,0,0,0,0,0,78,0,0,0,390,0,1,1,0,0,pay_only,pay_only,n/d,n/d,shadow_sem_mapeamento_diario,comparador_de_pacotes_ainda_nao_decisorio,shadow_sem_mapeamento_diario,,,,sem_saldo_temporal_auditavel,saldo_temporal_insuficiente_cumulativo,0,2,0,construido_dry_run_nao_decisorio,1,1
2026-08-06,pay_then_switch,motor_nativo_dry_run,estado_0024,2,315.0,0,0,0,0,0,0,78,0,0,0,390,0,1,1,0,0,pay_only,pay_only,n/d,n/d,shadow_sem_mapeamento_diario,comparador_de_pacotes_ainda_nao_decisorio,shadow_sem_mapeamento_diario,,,,sem_saldo_temporal_auditavel,saldo_temporal_insuficiente_cumulativo,0,2,0,construido_dry_run_nao_decisorio,1,1
2026-08-10,no_action,fora_janela_do_dia,estado_0025,1,65.0,0,0,0,0,0,0,78,0,0,0,390,0,0,0,0,0,pay_only,pay_only,pagamento_obrigatorio_no_dia,comparador_de_pacotes_ainda_nao_decisorio,pagamento_obrigatorio_no_dia,comparador_de_pacotes_ainda_nao_decisorio,pacote_nao_materializado_por_restricao_da_etapa,,,,sem_saldo_temporal_auditavel,saldo_temporal_insuficiente_cumulativo,0,1,0,n/d,0,0
2026-08-10,switch_only,fora_janela_do_dia,estado_0025,1,65.0,0,0,0,0,0,0,78,0,0,0,390,0,0,0,0,0,pay_only,pay_only,pagamento_obrigatorio_no_dia,comparador_de_pacotes_ainda_nao_decisorio,pagamento_obrigatorio_no_dia,comparador_de_pacotes_ainda_nao_decisorio,pacote_nao_materializado_por_restricao_da_etapa,,,,sem_saldo_temporal_auditavel,saldo_temporal_insuficiente_cumulativo,0,1,0,n/d,0,1
2026-08-10,pay_only,motor_nativo_dry_run,estado_0025,1,65.0,0,0,0,0,0,0,78,0,0,0,390,0,1,1,1,1,pay_only,pay_only,n/d,n/d,n/d,n/d,n/d,,,,sem_saldo_temporal_auditavel,saldo_temporal_insuficiente_cumulativo,0,1,0,construido_dry_run_nao_decisorio,1,0
2026-08-10,switch_then_pay,motor_nativo_dry_run,estado_0025,1,65.0,0,0,0,0,0,0,78,0,0,0,390,0,1,1,0,0,pay_only,pay_only,n/d,n/d,shadow_sem_mapeamento_diario,comparador_de_pacotes_ainda_nao_decisorio,shadow_sem_mapeamento_diario,,,,sem_saldo_temporal_auditavel,saldo_temporal_insuficiente_cumulativo,0,1,0,construido_dry_run_nao_decisorio,1,1
2026-08-10,pay_then_switch,motor_nativo_dry_run,estado_0025,1,65.0,0,0,0,0,0,0,78,0,0,0,390,0,1,1,0,0,pay_only,pay_only,n/d,n/d,shadow_sem_mapeamento_diario,comparador_de_pacotes_ainda_nao_decisorio,shadow_sem_mapeamento_diario,,,,sem_saldo_temporal_auditavel,saldo_temporal_insuficiente_cumulativo,0,1,0,construido_dry_run_nao_decisorio,1,1
2026-08-11,no_action,fora_janela_do_dia,estado_0026,1,95.12,0,0,0,0,0,0,78,0,0,0,390,0,0,0,0,0,pay_only,pay_only,pagamento_obrigatorio_no_dia,comparador_de_pacotes_ainda_nao_decisorio,pagamento_obrigatorio_no_dia,comparador_de_pacotes_ainda_nao_decisorio,pacote_nao_materializado_por_restricao_da_etapa,,,,ok,não determinado,0,1,0,n/d,0,0
2026-08-11,switch_only,fora_janela_do_dia,estado_0026,1,95.12,0,0,0,0,0,0,78,0,0,0,390,0,0,0,0,0,pay_only,pay_only,pagamento_obrigatorio_no_dia,comparador_de_pacotes_ainda_nao_decisorio,pagamento_obrigatorio_no_dia,comparador_de_pacotes_ainda_nao_decisorio,pacote_nao_materializado_por_restricao_da_etapa,,,,ok,não determinado,0,1,0,n/d,0,1
2026-08-11,pay_only,motor_nativo_dry_run,estado_0026,1,95.12,0,0,0,0,0,0,78,0,0,0,390,0,1,1,1,1,pay_only,pay_only,n/d,n/d,n/d,n/d,n/d,,,,ok,não determinado,0,1,0,construido_dry_run_nao_decisorio,1,0
2026-08-11,switch_then_pay,motor_nativo_dry_run,estado_0026,1,95.12,0,0,0,0,0,0,78,0,0,0,390,0,1,1,0,0,pay_only,pay_only,n/d,n/d,shadow_sem_mapeamento_diario,comparador_de_pacotes_ainda_nao_decisorio,shadow_sem_mapeamento_diario,,,,ok,não determinado,0,1,0,construido_dry_run_nao_decisorio,1,1
2026-08-11,pay_then_switch,motor_nativo_dry_run,estado_0026,1,95.12,0,0,0,0,0,0,78,0,0,0,390,0,1,1,0,0,pay_only,pay_only,n/d,n/d,shadow_sem_mapeamento_diario,comparador_de_pacotes_ainda_nao_decisorio,shadow_sem_mapeamento_diario,,,,ok,não determinado,0,1,0,construido_dry_run_nao_decisorio,1,1
2026-08-12,no_action,fora_janela_do_dia,estado_0027,5,4853.35,0,0,0,0,0,0,78,0,0,0,390,0,0,0,0,0,pay_only,pay_only,pagamento_obrigatorio_no_dia,comparador_de_pacotes_ainda_nao_decisorio,pagamento_obrigatorio_no_dia,comparador_de_pacotes_ainda_nao_decisorio,pacote_nao_materializado_por_restricao_da_etapa,,,,ok,não determinado,0,5,0,n/d,0,0
2026-08-12,switch_only,fora_janela_do_dia,estado_0027,5,4853.35,0,0,0,0,0,0,78,0,0,0,390,0,0,0,0,0,pay_only,pay_only,pagamento_obrigatorio_no_dia,comparador_de_pacotes_ainda_nao_decisorio,pagamento_obrigatorio_no_dia,comparador_de_pacotes_ainda_nao_decisorio,pacote_nao_materializado_por_restricao_da_etapa,,,,ok,não determinado,0,5,0,n/d,0,1
2026-08-12,pay_only,motor_nativo_dry_run,estado_0027,5,4853.35,0,0,0,0,0,0,78,0,0,0,390,0,1,1,1,1,pay_only,pay_only,n/d,n/d,n/d,n/d,n/d,,,,ok,não determinado,0,5,0,construido_dry_run_nao_decisorio,1,0
2026-08-12,switch_then_pay,motor_nativo_dry_run,estado_0027,5,4853.35,0,0,0,0,0,0,78,0,0,0,390,0,1,1,0,0,pay_only,pay_only,n/d,n/d,shadow_sem_mapeamento_diario,comparador_de_pacotes_ainda_nao_decisorio,shadow_sem_mapeamento_diario,,,,ok,não determinado,0,5,0,construido_dry_run_nao_decisorio,1,1
2026-08-12,pay_then_switch,motor_nativo_dry_run,estado_0027,5,4853.35,0,0,0,0,0,0,78,0,0,0,390,0,1,1,0,0,pay_only,pay_only,n/d,n/d,shadow_sem_mapeamento_diario,comparador_de_pacotes_ainda_nao_decisorio,shadow_sem_mapeamento_diario,,,,ok,não determinado,0,5,0,construido_dry_run_nao_decisorio,1,1
2026-08-15,no_action,fora_janela_do_dia,estado_0028,1,132.4,0,0,0,0,0,0,78,0,0,0,390,0,0,0,0,0,pay_only,pay_only,pagamento_obrigatorio_no_dia,comparador_de_pacotes_ainda_nao_decisorio,pagamento_obrigatorio_no_dia,comparador_de_pacotes_ainda_nao_decisorio,pacote_nao_materializado_por_restricao_da_etapa,,,,sem_saldo_temporal_auditavel,saldo_temporal_insuficiente_cumulativo,0,1,0,n/d,0,0
2026-08-15,switch_only,fora_janela_do_dia,estado_0028,1,132.4,0,0,0,0,0,0,78,0,0,0,390,0,0,0,0,0,pay_only,pay_only,pagamento_obrigatorio_no_dia,comparador_de_pacotes_ainda_nao_decisorio,pagamento_obrigatorio_no_dia,comparador_de_pacotes_ainda_nao_decisorio,pacote_nao_materializado_por_restricao_da_etapa,,,,sem_saldo_temporal_auditavel,saldo_temporal_insuficiente_cumulativo,0,1,0,n/d,0,1
2026-08-15,pay_only,motor_nativo_dry_run,estado_0028,1,132.4,0,0,0,0,0,0,78,0,0,0,390,0,1,1,1,1,pay_only,pay_only,n/d,n/d,n/d,n/d,n/d,,,,sem_saldo_temporal_auditavel,saldo_temporal_insuficiente_cumulativo,0,1,0,construido_dry_run_nao_decisorio,1,0
2026-08-15,switch_then_pay,motor_nativo_dry_run,estado_0028,1,132.4,0,0,0,0,0,0,78,0,0,0,390,0,1,1,0,0,pay_only,pay_only,n/d,n/d,shadow_sem_mapeamento_diario,comparador_de_pacotes_ainda_nao_decisorio,shadow_sem_mapeamento_diario,,,,sem_saldo_temporal_auditavel,saldo_temporal_insuficiente_cumulativo,0,1,0,construido_dry_run_nao_decisorio,1,1
2026-08-15,pay_then_switch,motor_nativo_dry_run,estado_0028,1,132.4,0,0,0,0,0,0,78,0,0,0,390,0,1,1,0,0,pay_only,pay_only,n/d,n/d,shadow_sem_mapeamento_diario,comparador_de_pacotes_ainda_nao_decisorio,shadow_sem_mapeamento_diario,,,,sem_saldo_temporal_auditavel,saldo_temporal_insuficiente_cumulativo,0,1,0,construido_dry_run_nao_decisorio,1,1
2026-08-20,no_action,fora_janela_do_dia,estado_0029,2,5913.31,0,0,0,0,0,0,78,0,0,0,390,0,0,0,0,0,pay_only,pay_only,pagamento_obrigatorio_no_dia,comparador_de_pacotes_ainda_nao_decisorio,pagamento_obrigatorio_no_dia,comparador_de_pacotes_ainda_nao_decisorio,pacote_nao_materializado_por_restricao_da_etapa,,,,ok,n/d,1,3,1,n/d,0,0
2026-08-20,switch_only,fora_janela_do_dia,estado_0029,2,5913.31,0,0,0,0,0,0,78,0,0,0,390,0,0,0,0,0,pay_only,pay_only,pagamento_obrigatorio_no_dia,comparador_de_pacotes_ainda_nao_decisorio,pagamento_obrigatorio_no_dia,comparador_de_pacotes_ainda_nao_decisorio,pacote_nao_materializado_por_restricao_da_etapa,,,,ok,n/d,1,3,1,n/d,0,1
2026-08-20,pay_only,motor_nativo_dry_run,estado_0029,2,5913.31,0,0,0,0,0,0,78,0,0,0,390,0,1,1,1,1,pay_only,pay_only,n/d,n/d,n/d,n/d,n/d,,,,ok,n/d,1,3,1,construido_dry_run_nao_decisorio,1,0
2026-08-20,switch_then_pay,motor_nativo_dry_run,estado_0029,2,5913.31,0,0,0,0,0,0,78,0,0,0,390,0,1,1,0,0,pay_only,pay_only,n/d,n/d,shadow_sem_mapeamento_diario,comparador_de_pacotes_ainda_nao_decisorio,shadow_sem_mapeamento_diario,,,,ok,n/d,1,3,1,construido_dry_run_nao_decisorio,1,1
2026-08-20,pay_then_switch,motor_nativo_dry_run,estado_0029,2,5913.31,0,0,0,0,0,0,78,0,0,0,390,0,1,1,0,0,pay_only,pay_only,n/d,n/d,shadow_sem_mapeamento_diario,comparador_de_pacotes_ainda_nao_decisorio,shadow_sem_mapeamento_diario,,,,ok,n/d,1,3,1,construido_dry_run_nao_decisorio,1,1
2026-09-02,no_action,fora_janela_do_dia,estado_0030,1,2000.0,0,0,0,0,0,0,78,0,0,0,390,0,0,0,0,0,pay_only,pay_only,pagamento_obrigatorio_no_dia,comparador_de_pacotes_ainda_nao_decisorio,pagamento_obrigatorio_no_dia,comparador_de_pacotes_ainda_nao_decisorio,pacote_nao_materializado_por_restricao_da_etapa,,,,sem_saldo_temporal_auditavel,saldo_temporal_insuficiente_cumulativo,0,1,0,n/d,0,0
2026-09-02,switch_only,fora_janela_do_dia,estado_0030,1,2000.0,0,0,0,0,0,0,78,0,0,0,390,0,0,0,0,0,pay_only,pay_only,pagamento_obrigatorio_no_dia,comparador_de_pacotes_ainda_nao_decisorio,pagamento_obrigatorio_no_dia,comparador_de_pacotes_ainda_nao_decisorio,pacote_nao_materializado_por_restricao_da_etapa,,,,sem_saldo_temporal_auditavel,saldo_temporal_insuficiente_cumulativo,0,1,0,n/d,0,1
2026-09-02,pay_only,motor_nativo_dry_run,estado_0030,1,2000.0,0,0,0,0,0,0,78,0,0,0,390,0,1,1,1,1,pay_only,pay_only,n/d,n/d,n/d,n/d,n/d,,,,sem_saldo_temporal_auditavel,saldo_temporal_insuficiente_cumulativo,0,1,0,construido_dry_run_nao_decisorio,1,0
2026-09-02,switch_then_pay,motor_nativo_dry_run,estado_0030,1,2000.0,0,0,0,0,0,0,78,0,0,0,390,0,1,1,0,0,pay_only,pay_only,n/d,n/d,shadow_sem_mapeamento_diario,comparador_de_pacotes_ainda_nao_decisorio,shadow_sem_mapeamento_diario,,,,sem_saldo_temporal_auditavel,saldo_temporal_insuficiente_cumulativo,0,1,0,construido_dry_run_nao_decisorio,1,1
2026-09-02,pay_then_switch,motor_nativo_dry_run,estado_0030,1,2000.0,0,0,0,0,0,0,78,0,0,0,390,0,1,1,0,0,pay_only,pay_only,n/d,n/d,shadow_sem_mapeamento_diario,comparador_de_pacotes_ainda_nao_decisorio,shadow_sem_mapeamento_diario,,,,sem_saldo_temporal_auditavel,saldo_temporal_insuficiente_cumulativo,0,1,0,construido_dry_run_nao_decisorio,1,1
2026-09-04,no_action,fora_janela_do_dia,estado_0031,1,950.0,0,0,0,0,0,0,78,0,0,0,390,0,0,0,0,0,pay_only,pay_only,pagamento_obrigatorio_no_dia,comparador_de_pacotes_ainda_nao_decisorio,pagamento_obrigatorio_no_dia,comparador_de_pacotes_ainda_nao_decisorio,pacote_nao_materializado_por_restricao_da_etapa,,,,sem_saldo_temporal_auditavel,saldo_temporal_insuficiente_cumulativo,0,1,0,n/d,0,0
2026-09-04,switch_only,fora_janela_do_dia,estado_0031,1,950.0,0,0,0,0,0,0,78,0,0,0,390,0,0,0,0,0,pay_only,pay_only,pagamento_obrigatorio_no_dia,comparador_de_pacotes_ainda_nao_decisorio,pagamento_obrigatorio_no_dia,comparador_de_pacotes_ainda_nao_decisorio,pacote_nao_materializado_por_restricao_da_etapa,,,,sem_saldo_temporal_auditavel,saldo_temporal_insuficiente_cumulativo,0,1,0,n/d,0,1
2026-09-04,pay_only,motor_nativo_dry_run,estado_0031,1,950.0,0,0,0,0,0,0,78,0,0,0,390,0,1,1,1,1,pay_only,pay_only,n/d,n/d,n/d,n/d,n/d,,,,sem_saldo_temporal_auditavel,saldo_temporal_insuficiente_cumulativo,0,1,0,construido_dry_run_nao_decisorio,1,0
2026-09-04,switch_then_pay,motor_nativo_dry_run,estado_0031,1,950.0,0,0,0,0,0,0,78,0,0,0,390,0,1,1,0,0,pay_only,pay_only,n/d,n/d,shadow_sem_mapeamento_diario,comparador_de_pacotes_ainda_nao_decisorio,shadow_sem_mapeamento_diario,,,,sem_saldo_temporal_auditavel,saldo_temporal_insuficiente_cumulativo,0,1,0,construido_dry_run_nao_decisorio,1,1
2026-09-04,pay_then_switch,motor_nativo_dry_run,estado_0031,1,950.0,0,0,0,0,0,0,78,0,0,0,390,0,1,1,0,0,pay_only,pay_only,n/d,n/d,shadow_sem_mapeamento_diario,comparador_de_pacotes_ainda_nao_decisorio,shadow_sem_mapeamento_diario,,,,sem_saldo_temporal_auditavel,saldo_temporal_insuficiente_cumulativo,0,1,0,construido_dry_run_nao_decisorio,1,1
2026-09-06,no_action,fora_janela_do_dia,estado_0032,1,195.0,0,0,0,0,0,0,78,0,0,0,390,0,0,0,0,0,pay_only,pay_only,pagamento_obrigatorio_no_dia,comparador_de_pacotes_ainda_nao_decisorio,pagamento_obrigatorio_no_dia,comparador_de_pacotes_ainda_nao_decisorio,pacote_nao_materializado_por_restricao_da_etapa,,,,ok,não determinado,0,1,0,n/d,0,0
2026-09-06,switch_only,fora_janela_do_dia,estado_0032,1,195.0,0,0,0,0,0,0,78,0,0,0,390,0,0,0,0,0,pay_only,pay_only,pagamento_obrigatorio_no_dia,comparador_de_pacotes_ainda_nao_decisorio,pagamento_obrigatorio_no_dia,comparador_de_pacotes_ainda_nao_decisorio,pacote_nao_materializado_por_restricao_da_etapa,,,,ok,não determinado,0,1,0,n/d,0,1
2026-09-06,pay_only,motor_nativo_dry_run,estado_0032,1,195.0,0,0,0,0,0,0,78,0,0,0,390,0,1,1,1,1,pay_only,pay_only,n/d,n/d,n/d,n/d,n/d,,,,ok,não determinado,0,1,0,construido_dry_run_nao_decisorio,1,0
2026-09-06,switch_then_pay,motor_nativo_dry_run,estado_0032,1,195.0,0,0,0,0,0,0,78,0,0,0,390,0,1,1,0,0,pay_only,pay_only,n/d,n/d,shadow_sem_mapeamento_diario,comparador_de_pacotes_ainda_nao_decisorio,shadow_sem_mapeamento_diario,,,,ok,não determinado,0,1,0,construido_dry_run_nao_decisorio,1,1
2026-09-06,pay_then_switch,motor_nativo_dry_run,estado_0032,1,195.0,0,0,0,0,0,0,78,0,0,0,390,0,1,1,0,0,pay_only,pay_only,n/d,n/d,shadow_sem_mapeamento_diario,comparador_de_pacotes_ainda_nao_decisorio,shadow_sem_mapeamento_diario,,,,ok,não determinado,0,1,0,construido_dry_run_nao_decisorio,1,1
2026-09-08,no_action,fora_janela_do_dia,estado_0033,2,210.0,0,0,0,0,0,0,78,0,0,0,390,0,0,0,0,0,pay_only,pay_only,pagamento_obrigatorio_no_dia,comparador_de_pacotes_ainda_nao_decisorio,pagamento_obrigatorio_no_dia,comparador_de_pacotes_ainda_nao_decisorio,pacote_nao_materializado_por_restricao_da_etapa,,,,ok,não determinado,0,2,0,n/d,0,0
2026-09-08,switch_only,fora_janela_do_dia,estado_0033,2,210.0,0,0,0,0,0,0,78,0,0,0,390,0,0,0,0,0,pay_only,pay_only,pagamento_obrigatorio_no_dia,comparador_de_pacotes_ainda_nao_decisorio,pagamento_obrigatorio_no_dia,comparador_de_pacotes_ainda_nao_decisorio,pacote_nao_materializado_por_restricao_da_etapa,,,,ok,não determinado,0,2,0,n/d,0,1
2026-09-08,pay_only,motor_nativo_dry_run,estado_0033,2,210.0,0,0,0,0,0,0,78,0,0,0,390,0,1,1,1,1,pay_only,pay_only,n/d,n/d,n/d,n/d,n/d,,,,ok,não determinado,0,2,0,construido_dry_run_nao_decisorio,1,0
2026-09-08,switch_then_pay,motor_nativo_dry_run,estado_0033,2,210.0,0,0,0,0,0,0,78,0,0,0,390,0,1,1,0,0,pay_only,pay_only,n/d,n/d,shadow_sem_mapeamento_diario,comparador_de_pacotes_ainda_nao_decisorio,shadow_sem_mapeamento_diario,,,,ok,não determinado,0,2,0,construido_dry_run_nao_decisorio,1,1
2026-09-08,pay_then_switch,motor_nativo_dry_run,estado_0033,2,210.0,0,0,0,0,0,0,78,0,0,0,390,0,1,1,0,0,pay_only,pay_only,n/d,n/d,shadow_sem_mapeamento_diario,comparador_de_pacotes_ainda_nao_decisorio,shadow_sem_mapeamento_diario,,,,ok,não determinado,0,2,0,construido_dry_run_nao_decisorio,1,1
2026-09-09,no_action,fora_janela_do_dia,estado_0034,1,50.0,0,0,0,0,0,0,78,0,0,0,390,0,0,0,0,0,pay_only,pay_only,pagamento_obrigatorio_no_dia,comparador_de_pacotes_ainda_nao_decisorio,pagamento_obrigatorio_no_dia,comparador_de_pacotes_ainda_nao_decisorio,pacote_nao_materializado_por_restricao_da_etapa,,,,ok,não determinado,0,1,0,n/d,0,0
2026-09-09,switch_only,fora_janela_do_dia,estado_0034,1,50.0,0,0,0,0,0,0,78,0,0,0,390,0,0,0,0,0,pay_only,pay_only,pagamento_obrigatorio_no_dia,comparador_de_pacotes_ainda_nao_decisorio,pagamento_obrigatorio_no_dia,comparador_de_pacotes_ainda_nao_decisorio,pacote_nao_materializado_por_restricao_da_etapa,,,,ok,não determinado,0,1,0,n/d,0,1
2026-09-09,pay_only,motor_nativo_dry_run,estado_0034,1,50.0,0,0,0,0,0,0,78,0,0,0,390,0,1,1,1,1,pay_only,pay_only,n/d,n/d,n/d,n/d,n/d,,,,ok,não determinado,0,1,0,construido_dry_run_nao_decisorio,1,0
2026-09-09,switch_then_pay,motor_nativo_dry_run,estado_0034,1,50.0,0,0,0,0,0,0,78,0,0,0,390,0,1,1,0,0,pay_only,pay_only,n/d,n/d,shadow_sem_mapeamento_diario,comparador_de_pacotes_ainda_nao_decisorio,shadow_sem_mapeamento_diario,,,,ok,não determinado,0,1,0,construido_dry_run_nao_decisorio,1,1
2026-09-09,pay_then_switch,motor_nativo_dry_run,estado_0034,1,50.0,0,0,0,0,0,0,78,0,0,0,390,0,1,1,0,0,pay_only,pay_only,n/d,n/d,shadow_sem_mapeamento_diario,comparador_de_pacotes_ainda_nao_decisorio,shadow_sem_mapeamento_diario,,,,ok,não determinado,0,1,0,construido_dry_run_nao_decisorio,1,1
2026-09-10,no_action,fora_janela_do_dia,estado_0035,1,65.0,0,0,0,0,0,0,78,0,0,0,390,0,0,0,0,0,pay_only,pay_only,pagamento_obrigatorio_no_dia,comparador_de_pacotes_ainda_nao_decisorio,pagamento_obrigatorio_no_dia,comparador_de_pacotes_ainda_nao_decisorio,pacote_nao_materializado_por_restricao_da_etapa,,,,ok,não determinado,0,1,0,n/d,0,0
2026-09-10,switch_only,fora_janela_do_dia,estado_0035,1,65.0,0,0,0,0,0,0,78,0,0,0,390,0,0,0,0,0,pay_only,pay_only,pagamento_obrigatorio_no_dia,comparador_de_pacotes_ainda_nao_decisorio,pagamento_obrigatorio_no_dia,comparador_de_pacotes_ainda_nao_decisorio,pacote_nao_materializado_por_restricao_da_etapa,,,,ok,não determinado,0,1,0,n/d,0,1
2026-09-10,pay_only,motor_nativo_dry_run,estado_0035,1,65.0,0,0,0,0,0,0,78,0,0,0,390,0,1,1,1,1,pay_only,pay_only,n/d,n/d,n/d,n/d,n/d,,,,ok,não determinado,0,1,0,construido_dry_run_nao_decisorio,1,0
2026-09-10,switch_then_pay,motor_nativo_dry_run,estado_0035,1,65.0,0,0,0,0,0,0,78,0,0,0,390,0,1,1,0,0,pay_only,pay_only,n/d,n/d,shadow_sem_mapeamento_diario,comparador_de_pacotes_ainda_nao_decisorio,shadow_sem_mapeamento_diario,,,,ok,não determinado,0,1,0,construido_dry_run_nao_decisorio,1,1
2026-09-10,pay_then_switch,motor_nativo_dry_run,estado_0035,1,65.0,0,0,0,0,0,0,78,0,0,0,390,0,1,1,0,0,pay_only,pay_only,n/d,n/d,shadow_sem_mapeamento_diario,comparador_de_pacotes_ainda_nao_decisorio,shadow_sem_mapeamento_diario,,,,ok,não determinado,0,1,0,construido_dry_run_nao_decisorio,1,1
2026-09-11,no_action,fora_janela_do_dia,estado_0036,3,3908.47,0,0,0,0,0,0,78,0,0,0,390,0,0,0,0,0,pay_only,pay_only,pagamento_obrigatorio_no_dia,comparador_de_pacotes_ainda_nao_decisorio,pagamento_obrigatorio_no_dia,comparador_de_pacotes_ainda_nao_decisorio,pacote_nao_materializado_por_restricao_da_etapa,,,,ok,não determinado,0,3,0,n/d,0,0
2026-09-11,switch_only,fora_janela_do_dia,estado_0036,3,3908.47,0,0,0,0,0,0,78,0,0,0,390,0,0,0,0,0,pay_only,pay_only,pagamento_obrigatorio_no_dia,comparador_de_pacotes_ainda_nao_decisorio,pagamento_obrigatorio_no_dia,comparador_de_pacotes_ainda_nao_decisorio,pacote_nao_materializado_por_restricao_da_etapa,,,,ok,não determinado,0,3,0,n/d,0,1
2026-09-11,pay_only,motor_nativo_dry_run,estado_0036,3,3908.47,0,0,0,0,0,0,78,0,0,0,390,0,1,1,1,1,pay_only,pay_only,n/d,n/d,n/d,n/d,n/d,,,,ok,não determinado,0,3,0,construido_dry_run_nao_decisorio,1,0
2026-09-11,switch_then_pay,motor_nativo_dry_run,estado_0036,3,3908.47,0,0,0,0,0,0,78,0,0,0,390,0,1,1,0,0,pay_only,pay_only,n/d,n/d,shadow_sem_mapeamento_diario,comparador_de_pacotes_ainda_nao_decisorio,shadow_sem_mapeamento_diario,,,,ok,não determinado,0,3,0,construido_dry_run_nao_decisorio,1,1
2026-09-11,pay_then_switch,motor_nativo_dry_run,estado_0036,3,3908.47,0,0,0,0,0,0,78,0,0,0,390,0,1,1,0,0,pay_only,pay_only,n/d,n/d,shadow_sem_mapeamento_diario,comparador_de_pacotes_ainda_nao_decisorio,shadow_sem_mapeamento_diario,,,,ok,não determinado,0,3,0,construido_dry_run_nao_decisorio,1,1
2026-09-15,no_action,fora_janela_do_dia,estado_0037,1,132.4,0,0,0,0,0,0,78,0,0,0,390,0,0,0,0,0,pay_only,pay_only,pagamento_obrigatorio_no_dia,comparador_de_pacotes_ainda_nao_decisorio,pagamento_obrigatorio_no_dia,comparador_de_pacotes_ainda_nao_decisorio,pacote_nao_materializado_por_restricao_da_etapa,,,,ok,não determinado,0,1,0,n/d,0,0
2026-09-15,switch_only,fora_janela_do_dia,estado_0037,1,132.4,0,0,0,0,0,0,78,0,0,0,390,0,0,0,0,0,pay_only,pay_only,pagamento_obrigatorio_no_dia,comparador_de_pacotes_ainda_nao_decisorio,pagamento_obrigatorio_no_dia,comparador_de_pacotes_ainda_nao_decisorio,pacote_nao_materializado_por_restricao_da_etapa,,,,ok,não determinado,0,1,0,n/d,0,1
2026-09-15,pay_only,motor_nativo_dry_run,estado_0037,1,132.4,0,0,0,0,0,0,78,0,0,0,390,0,1,1,1,1,pay_only,pay_only,n/d,n/d,n/d,n/d,n/d,,,,ok,não determinado,0,1,0,construido_dry_run_nao_decisorio,1,0
2026-09-15,switch_then_pay,motor_nativo_dry_run,estado_0037,1,132.4,0,0,0,0,0,0,78,0,0,0,390,0,1,1,0,0,pay_only,pay_only,n/d,n/d,shadow_sem_mapeamento_diario,comparador_de_pacotes_ainda_nao_decisorio,shadow_sem_mapeamento_diario,,,,ok,não determinado,0,1,0,construido_dry_run_nao_decisorio,1,1
2026-09-15,pay_then_switch,motor_nativo_dry_run,estado_0037,1,132.4,0,0,0,0,0,0,78,0,0,0,390,0,1,1,0,0,pay_only,pay_only,n/d,n/d,shadow_sem_mapeamento_diario,comparador_de_pacotes_ainda_nao_decisorio,shadow_sem_mapeamento_diario,,,,ok,não determinado,0,1,0,construido_dry_run_nao_decisorio,1,1
2026-09-20,no_action,fora_janela_do_dia,estado_0038,1,6850.0,0,0,0,0,0,0,78,0,0,0,390,0,0,0,0,0,pay_only,pay_only,pagamento_obrigatorio_no_dia,comparador_de_pacotes_ainda_nao_decisorio,pagamento_obrigatorio_no_dia,comparador_de_pacotes_ainda_nao_decisorio,pacote_nao_materializado_por_restricao_da_etapa,,,,ok,n/d,1,2,1,n/d,0,0
2026-09-20,switch_only,fora_janela_do_dia,estado_0038,1,6850.0,0,0,0,0,0,0,78,0,0,0,390,0,0,0,0,0,pay_only,pay_only,pagamento_obrigatorio_no_dia,comparador_de_pacotes_ainda_nao_decisorio,pagamento_obrigatorio_no_dia,comparador_de_pacotes_ainda_nao_decisorio,pacote_nao_materializado_por_restricao_da_etapa,,,,ok,n/d,1,2,1,n/d,0,1
2026-09-20,pay_only,motor_nativo_dry_run,estado_0038,1,6850.0,0,0,0,0,0,0,78,0,0,0,390,0,1,1,1,1,pay_only,pay_only,n/d,n/d,n/d,n/d,n/d,,,,ok,n/d,1,2,1,construido_dry_run_nao_decisorio,1,0
2026-09-20,switch_then_pay,motor_nativo_dry_run,estado_0038,1,6850.0,0,0,0,0,0,0,78,0,0,0,390,0,1,1,0,0,pay_only,pay_only,n/d,n/d,shadow_sem_mapeamento_diario,comparador_de_pacotes_ainda_nao_decisorio,shadow_sem_mapeamento_diario,,,,ok,n/d,1,2,1,construido_dry_run_nao_decisorio,1,1
2026-09-20,pay_then_switch,motor_nativo_dry_run,estado_0038,1,6850.0,0,0,0,0,0,0,78,0,0,0,390,0,1,1,0,0,pay_only,pay_only,n/d,n/d,shadow_sem_mapeamento_diario,comparador_de_pacotes_ainda_nao_decisorio,shadow_sem_mapeamento_diario,,,,ok,n/d,1,2,1,construido_dry_run_nao_decisorio,1,1
2026-09-21,no_action,fora_janela_do_dia,estado_0039,1,113.31,0,0,0,0,0,0,78,0,0,0,390,0,0,0,0,0,pay_only,pay_only,pagamento_obrigatorio_no_dia,comparador_de_pacotes_ainda_nao_decisorio,pagamento_obrigatorio_no_dia,comparador_de_pacotes_ainda_nao_decisorio,pacote_nao_materializado_por_restricao_da_etapa,,,,ok,não determinado,0,1,0,n/d,0,0
2026-09-21,switch_only,fora_janela_do_dia,estado_0039,1,113.31,0,0,0,0,0,0,78,0,0,0,390,0,0,0,0,0,pay_only,pay_only,pagamento_obrigatorio_no_dia,comparador_de_pacotes_ainda_nao_decisorio,pagamento_obrigatorio_no_dia,comparador_de_pacotes_ainda_nao_decisorio,pacote_nao_materializado_por_restricao_da_etapa,,,,ok,não determinado,0,1,0,n/d,0,1
2026-09-21,pay_only,motor_nativo_dry_run,estado_0039,1,113.31,0,0,0,0,0,0,78,0,0,0,390,0,1,1,1,1,pay_only,pay_only,n/d,n/d,n/d,n/d,n/d,,,,ok,não determinado,0,1,0,construido_dry_run_nao_decisorio,1,0
2026-09-21,switch_then_pay,motor_nativo_dry_run,estado_0039,1,113.31,0,0,0,0,0,0,78,0,0,0,390,0,1,1,0,0,pay_only,pay_only,n/d,n/d,shadow_sem_mapeamento_diario,comparador_de_pacotes_ainda_nao_decisorio,shadow_sem_mapeamento_diario,,,,ok,não determinado,0,1,0,construido_dry_run_nao_decisorio,1,1
2026-09-21,pay_then_switch,motor_nativo_dry_run,estado_0039,1,113.31,0,0,0,0,0,0,78,0,0,0,390,0,1,1,0,0,pay_only,pay_only,n/d,n/d,shadow_sem_mapeamento_diario,comparador_de_pacotes_ainda_nao_decisorio,shadow_sem_mapeamento_diario,,,,ok,não determinado,0,1,0,construido_dry_run_nao_decisorio,1,1
2026-10-02,no_action,fora_janela_do_dia,estado_0040,1,1800.0,0,0,0,0,0,0,78,0,0,0,390,0,0,0,0,0,pay_only,pay_only,pagamento_obrigatorio_no_dia,comparador_de_pacotes_ainda_nao_decisorio,pagamento_obrigatorio_no_dia,comparador_de_pacotes_ainda_nao_decisorio,pacote_nao_materializado_por_restricao_da_etapa,,,,sem_saldo_temporal_auditavel,saldo_temporal_insuficiente_cumulativo,0,1,0,n/d,0,0
2026-10-02,switch_only,fora_janela_do_dia,estado_0040,1,1800.0,0,0,0,0,0,0,78,0,0,0,390,0,0,0,0,0,pay_only,pay_only,pagamento_obrigatorio_no_dia,comparador_de_pacotes_ainda_nao_decisorio,pagamento_obrigatorio_no_dia,comparador_de_pacotes_ainda_nao_decisorio,pacote_nao_materializado_por_restricao_da_etapa,,,,sem_saldo_temporal_auditavel,saldo_temporal_insuficiente_cumulativo,0,1,0,n/d,0,1
2026-10-02,pay_only,motor_nativo_dry_run,estado_0040,1,1800.0,0,0,0,0,0,0,78,0,0,0,390,0,1,1,1,1,pay_only,pay_only,n/d,n/d,n/d,n/d,n/d,,,,sem_saldo_temporal_auditavel,saldo_temporal_insuficiente_cumulativo,0,1,0,construido_dry_run_nao_decisorio,1,0
2026-10-02,switch_then_pay,motor_nativo_dry_run,estado_0040,1,1800.0,0,0,0,0,0,0,78,0,0,0,390,0,1,1,0,0,pay_only,pay_only,n/d,n/d,shadow_sem_mapeamento_diario,comparador_de_pacotes_ainda_nao_decisorio,shadow_sem_mapeamento_diario,,,,sem_saldo_temporal_auditavel,saldo_temporal_insuficiente_cumulativo,0,1,0,construido_dry_run_nao_decisorio,1,1
2026-10-02,pay_then_switch,motor_nativo_dry_run,estado_0040,1,1800.0,0,0,0,0,0,0,78,0,0,0,390,0,1,1,0,0,pay_only,pay_only,n/d,n/d,shadow_sem_mapeamento_diario,comparador_de_pacotes_ainda_nao_decisorio,shadow_sem_mapeamento_diario,,,,sem_saldo_temporal_auditavel,saldo_temporal_insuficiente_cumulativo,0,1,0,construido_dry_run_nao_decisorio,1,1
2026-10-05,no_action,fora_janela_do_dia,estado_0041,1,950.0,0,0,0,0,0,0,78,0,0,0,390,0,0,0,0,0,pay_only,pay_only,pagamento_obrigatorio_no_dia,comparador_de_pacotes_ainda_nao_decisorio,pagamento_obrigatorio_no_dia,comparador_de_pacotes_ainda_nao_decisorio,pacote_nao_materializado_por_restricao_da_etapa,,,,sem_saldo_temporal_auditavel,saldo_temporal_insuficiente_cumulativo,0,1,0,n/d,0,0
2026-10-05,switch_only,fora_janela_do_dia,estado_0041,1,950.0,0,0,0,0,0,0,78,0,0,0,390,0,0,0,0,0,pay_only,pay_only,pagamento_obrigatorio_no_dia,comparador_de_pacotes_ainda_nao_decisorio,pagamento_obrigatorio_no_dia,comparador_de_pacotes_ainda_nao_decisorio,pacote_nao_materializado_por_restricao_da_etapa,,,,sem_saldo_temporal_auditavel,saldo_temporal_insuficiente_cumulativo,0,1,0,n/d,0,1
2026-10-05,pay_only,motor_nativo_dry_run,estado_0041,1,950.0,0,0,0,0,0,0,78,0,0,0,390,0,1,1,1,1,pay_only,pay_only,n/d,n/d,n/d,n/d,n/d,,,,sem_saldo_temporal_auditavel,saldo_temporal_insuficiente_cumulativo,0,1,0,construido_dry_run_nao_decisorio,1,0
2026-10-05,switch_then_pay,motor_nativo_dry_run,estado_0041,1,950.0,0,0,0,0,0,0,78,0,0,0,390,0,1,1,0,0,pay_only,pay_only,n/d,n/d,shadow_sem_mapeamento_diario,comparador_de_pacotes_ainda_nao_decisorio,shadow_sem_mapeamento_diario,,,,sem_saldo_temporal_auditavel,saldo_temporal_insuficiente_cumulativo,0,1,0,construido_dry_run_nao_decisorio,1,1
2026-10-05,pay_then_switch,motor_nativo_dry_run,estado_0041,1,950.0,0,0,0,0,0,0,78,0,0,0,390,0,1,1,0,0,pay_only,pay_only,n/d,n/d,shadow_sem_mapeamento_diario,comparador_de_pacotes_ainda_nao_decisorio,shadow_sem_mapeamento_diario,,,,sem_saldo_temporal_auditavel,saldo_temporal_insuficiente_cumulativo,0,1,0,construido_dry_run_nao_decisorio,1,1
2026-10-06,no_action,fora_janela_do_dia,estado_0042,1,195.0,0,0,0,0,0,0,78,0,0,0,390,0,0,0,0,0,pay_only,pay_only,pagamento_obrigatorio_no_dia,comparador_de_pacotes_ainda_nao_decisorio,pagamento_obrigatorio_no_dia,comparador_de_pacotes_ainda_nao_decisorio,pacote_nao_materializado_por_restricao_da_etapa,,,,sem_saldo_temporal_auditavel,saldo_temporal_insuficiente_cumulativo,0,1,0,n/d,0,0
2026-10-06,switch_only,fora_janela_do_dia,estado_0042,1,195.0,0,0,0,0,0,0,78,0,0,0,390,0,0,0,0,0,pay_only,pay_only,pagamento_obrigatorio_no_dia,comparador_de_pacotes_ainda_nao_decisorio,pagamento_obrigatorio_no_dia,comparador_de_pacotes_ainda_nao_decisorio,pacote_nao_materializado_por_restricao_da_etapa,,,,sem_saldo_temporal_auditavel,saldo_temporal_insuficiente_cumulativo,0,1,0,n/d,0,1
2026-10-06,pay_only,motor_nativo_dry_run,estado_0042,1,195.0,0,0,0,0,0,0,78,0,0,0,390,0,1,1,1,1,pay_only,pay_only,n/d,n/d,n/d,n/d,n/d,,,,sem_saldo_temporal_auditavel,saldo_temporal_insuficiente_cumulativo,0,1,0,construido_dry_run_nao_decisorio,1,0
2026-10-06,switch_then_pay,motor_nativo_dry_run,estado_0042,1,195.0,0,0,0,0,0,0,78,0,0,0,390,0,1,1,0,0,pay_only,pay_only,n/d,n/d,shadow_sem_mapeamento_diario,comparador_de_pacotes_ainda_nao_decisorio,shadow_sem_mapeamento_diario,,,,sem_saldo_temporal_auditavel,saldo_temporal_insuficiente_cumulativo,0,1,0,construido_dry_run_nao_decisorio,1,1
2026-10-06,pay_then_switch,motor_nativo_dry_run,estado_0042,1,195.0,0,0,0,0,0,0,78,0,0,0,390,0,1,1,0,0,pay_only,pay_only,n/d,n/d,shadow_sem_mapeamento_diario,comparador_de_pacotes_ainda_nao_decisorio,shadow_sem_mapeamento_diario,,,,sem_saldo_temporal_auditavel,saldo_temporal_insuficiente_cumulativo,0,1,0,construido_dry_run_nao_decisorio,1,1
2026-10-07,no_action,fora_janela_do_dia,estado_0043,1,530.0,0,0,0,0,0,0,78,0,0,0,390,0,0,0,0,0,pay_only,pay_only,pagamento_obrigatorio_no_dia,comparador_de_pacotes_ainda_nao_decisorio,pagamento_obrigatorio_no_dia,comparador_de_pacotes_ainda_nao_decisorio,pacote_nao_materializado_por_restricao_da_etapa,,,,sem_saldo_temporal_auditavel,saldo_temporal_insuficiente_cumulativo,0,1,0,n/d,0,0
2026-10-07,switch_only,fora_janela_do_dia,estado_0043,1,530.0,0,0,0,0,0,0,78,0,0,0,390,0,0,0,0,0,pay_only,pay_only,pagamento_obrigatorio_no_dia,comparador_de_pacotes_ainda_nao_decisorio,pagamento_obrigatorio_no_dia,comparador_de_pacotes_ainda_nao_decisorio,pacote_nao_materializado_por_restricao_da_etapa,,,,sem_saldo_temporal_auditavel,saldo_temporal_insuficiente_cumulativo,0,1,0,n/d,0,1
2026-10-07,pay_only,motor_nativo_dry_run,estado_0043,1,530.0,0,0,0,0,0,0,78,0,0,0,390,0,1,1,1,1,pay_only,pay_only,n/d,n/d,n/d,n/d,n/d,,,,sem_saldo_temporal_auditavel,saldo_temporal_insuficiente_cumulativo,0,1,0,construido_dry_run_nao_decisorio,1,0
2026-10-07,switch_then_pay,motor_nativo_dry_run,estado_0043,1,530.0,0,0,0,0,0,0,78,0,0,0,390,0,1,1,0,0,pay_only,pay_only,n/d,n/d,shadow_sem_mapeamento_diario,comparador_de_pacotes_ainda_nao_decisorio,shadow_sem_mapeamento_diario,,,,sem_saldo_temporal_auditavel,saldo_temporal_insuficiente_cumulativo,0,1,0,construido_dry_run_nao_decisorio,1,1
2026-10-07,pay_then_switch,motor_nativo_dry_run,estado_0043,1,530.0,0,0,0,0,0,0,78,0,0,0,390,0,1,1,0,0,pay_only,pay_only,n/d,n/d,shadow_sem_mapeamento_diario,comparador_de_pacotes_ainda_nao_decisorio,shadow_sem_mapeamento_diario,,,,sem_saldo_temporal_auditavel,saldo_temporal_insuficiente_cumulativo,0,1,0,construido_dry_run_nao_decisorio,1,1
2026-10-08,no_action,fora_janela_do_dia,estado_0044,3,329.8,0,0,0,0,0,0,78,0,0,0,390,0,0,0,0,0,pay_only,pay_only,pagamento_obrigatorio_no_dia,comparador_de_pacotes_ainda_nao_decisorio,pagamento_obrigatorio_no_dia,comparador_de_pacotes_ainda_nao_decisorio,pacote_nao_materializado_por_restricao_da_etapa,,,,sem_saldo_temporal_auditavel,saldo_temporal_insuficiente_cumulativo,0,3,0,n/d,0,0
2026-10-08,switch_only,fora_janela_do_dia,estado_0044,3,329.8,0,0,0,0,0,0,78,0,0,0,390,0,0,0,0,0,pay_only,pay_only,pagamento_obrigatorio_no_dia,comparador_de_pacotes_ainda_nao_decisorio,pagamento_obrigatorio_no_dia,comparador_de_pacotes_ainda_nao_decisorio,pacote_nao_materializado_por_restricao_da_etapa,,,,sem_saldo_temporal_auditavel,saldo_temporal_insuficiente_cumulativo,0,3,0,n/d,0,1
2026-10-08,pay_only,motor_nativo_dry_run,estado_0044,3,329.8,0,0,0,0,0,0,78,0,0,0,390,0,1,1,1,1,pay_only,pay_only,n/d,n/d,n/d,n/d,n/d,,,,sem_saldo_temporal_auditavel,saldo_temporal_insuficiente_cumulativo,0,3,0,construido_dry_run_nao_decisorio,1,0
2026-10-08,switch_then_pay,motor_nativo_dry_run,estado_0044,3,329.8,0,0,0,0,0,0,78,0,0,0,390,0,1,1,0,0,pay_only,pay_only,n/d,n/d,shadow_sem_mapeamento_diario,comparador_de_pacotes_ainda_nao_decisorio,shadow_sem_mapeamento_diario,,,,sem_saldo_temporal_auditavel,saldo_temporal_insuficiente_cumulativo,0,3,0,construido_dry_run_nao_decisorio,1,1
2026-10-08,pay_then_switch,motor_nativo_dry_run,estado_0044,3,329.8,0,0,0,0,0,0,78,0,0,0,390,0,1,1,0,0,pay_only,pay_only,n/d,n/d,shadow_sem_mapeamento_diario,comparador_de_pacotes_ainda_nao_decisorio,shadow_sem_mapeamento_diario,,,,sem_saldo_temporal_auditavel,saldo_temporal_insuficiente_cumulativo,0,3,0,construido_dry_run_nao_decisorio,1,1
2026-10-10,no_action,fora_janela_do_dia,estado_0045,1,65.0,0,0,0,0,0,0,78,0,0,0,390,0,0,0,0,0,pay_only,pay_only,pagamento_obrigatorio_no_dia,comparador_de_pacotes_ainda_nao_decisorio,pagamento_obrigatorio_no_dia,comparador_de_pacotes_ainda_nao_decisorio,pacote_nao_materializado_por_restricao_da_etapa,,,,sem_saldo_temporal_auditavel,saldo_temporal_insuficiente_cumulativo,0,1,0,n/d,0,0
2026-10-10,switch_only,fora_janela_do_dia,estado_0045,1,65.0,0,0,0,0,0,0,78,0,0,0,390,0,0,0,0,0,pay_only,pay_only,pagamento_obrigatorio_no_dia,comparador_de_pacotes_ainda_nao_decisorio,pagamento_obrigatorio_no_dia,comparador_de_pacotes_ainda_nao_decisorio,pacote_nao_materializado_por_restricao_da_etapa,,,,sem_saldo_temporal_auditavel,saldo_temporal_insuficiente_cumulativo,0,1,0,n/d,0,1
2026-10-10,pay_only,motor_nativo_dry_run,estado_0045,1,65.0,0,0,0,0,0,0,78,0,0,0,390,0,1,1,1,1,pay_only,pay_only,n/d,n/d,n/d,n/d,n/d,,,,sem_saldo_temporal_auditavel,saldo_temporal_insuficiente_cumulativo,0,1,0,construido_dry_run_nao_decisorio,1,0
2026-10-10,switch_then_pay,motor_nativo_dry_run,estado_0045,1,65.0,0,0,0,0,0,0,78,0,0,0,390,0,1,1,0,0,pay_only,pay_only,n/d,n/d,shadow_sem_mapeamento_diario,comparador_de_pacotes_ainda_nao_decisorio,shadow_sem_mapeamento_diario,,,,sem_saldo_temporal_auditavel,saldo_temporal_insuficiente_cumulativo,0,1,0,construido_dry_run_nao_decisorio,1,1
2026-10-10,pay_then_switch,motor_nativo_dry_run,estado_0045,1,65.0,0,0,0,0,0,0,78,0,0,0,390,0,1,1,0,0,pay_only,pay_only,n/d,n/d,shadow_sem_mapeamento_diario,comparador_de_pacotes_ainda_nao_decisorio,shadow_sem_mapeamento_diario,,,,sem_saldo_temporal_auditavel,saldo_temporal_insuficiente_cumulativo,0,1,0,construido_dry_run_nao_decisorio,1,1
2026-10-13,no_action,fora_janela_do_dia,estado_0046,4,3958.47,0,0,0,0,0,0,78,0,0,0,390,0,0,0,0,0,pay_only,pay_only,pagamento_obrigatorio_no_dia,comparador_de_pacotes_ainda_nao_decisorio,pagamento_obrigatorio_no_dia,comparador_de_pacotes_ainda_nao_decisorio,pacote_nao_materializado_por_restricao_da_etapa,,,,sem_saldo_temporal_auditavel,saldo_temporal_insuficiente_cumulativo,0,4,0,n/d,0,0
2026-10-13,switch_only,fora_janela_do_dia,estado_0046,4,3958.47,0,0,0,0,0,0,78,0,0,0,390,0,0,0,0,0,pay_only,pay_only,pagamento_obrigatorio_no_dia,comparador_de_pacotes_ainda_nao_decisorio,pagamento_obrigatorio_no_dia,comparador_de_pacotes_ainda_nao_decisorio,pacote_nao_materializado_por_restricao_da_etapa,,,,sem_saldo_temporal_auditavel,saldo_temporal_insuficiente_cumulativo,0,4,0,n/d,0,1
2026-10-13,pay_only,motor_nativo_dry_run,estado_0046,4,3958.47,0,0,0,0,0,0,78,0,0,0,390,0,1,1,1,1,pay_only,pay_only,n/d,n/d,n/d,n/d,n/d,,,,sem_saldo_temporal_auditavel,saldo_temporal_insuficiente_cumulativo,0,4,0,construido_dry_run_nao_decisorio,1,0
2026-10-13,switch_then_pay,motor_nativo_dry_run,estado_0046,4,3958.47,0,0,0,0,0,0,78,0,0,0,390,0,1,1,0,0,pay_only,pay_only,n/d,n/d,shadow_sem_mapeamento_diario,comparador_de_pacotes_ainda_nao_decisorio,shadow_sem_mapeamento_diario,,,,sem_saldo_temporal_auditavel,saldo_temporal_insuficiente_cumulativo,0,4,0,construido_dry_run_nao_decisorio,1,1
2026-10-13,pay_then_switch,motor_nativo_dry_run,estado_0046,4,3958.47,0,0,0,0,0,0,78,0,0,0,390,0,1,1,0,0,pay_only,pay_only,n/d,n/d,shadow_sem_mapeamento_diario,comparador_de_pacotes_ainda_nao_decisorio,shadow_sem_mapeamento_diario,,,,sem_saldo_temporal_auditavel,saldo_temporal_insuficiente_cumulativo,0,4,0,construido_dry_run_nao_decisorio,1,1
2026-10-15,no_action,fora_janela_do_dia,estado_0047,1,132.4,0,0,0,0,0,0,78,0,0,0,390,0,0,0,0,0,pay_only,pay_only,pagamento_obrigatorio_no_dia,comparador_de_pacotes_ainda_nao_decisorio,pagamento_obrigatorio_no_dia,comparador_de_pacotes_ainda_nao_decisorio,pacote_nao_materializado_por_restricao_da_etapa,,,,sem_saldo_temporal_auditavel,saldo_temporal_insuficiente_cumulativo,0,1,0,n/d,0,0
2026-10-15,switch_only,fora_janela_do_dia,estado_0047,1,132.4,0,0,0,0,0,0,78,0,0,0,390,0,0,0,0,0,pay_only,pay_only,pagamento_obrigatorio_no_dia,comparador_de_pacotes_ainda_nao_decisorio,pagamento_obrigatorio_no_dia,comparador_de_pacotes_ainda_nao_decisorio,pacote_nao_materializado_por_restricao_da_etapa,,,,sem_saldo_temporal_auditavel,saldo_temporal_insuficiente_cumulativo,0,1,0,n/d,0,1
2026-10-15,pay_only,motor_nativo_dry_run,estado_0047,1,132.4,0,0,0,0,0,0,78,0,0,0,390,0,1,1,1,1,pay_only,pay_only,n/d,n/d,n/d,n/d,n/d,,,,sem_saldo_temporal_auditavel,saldo_temporal_insuficiente_cumulativo,0,1,0,construido_dry_run_nao_decisorio,1,0
2026-10-15,switch_then_pay,motor_nativo_dry_run,estado_0047,1,132.4,0,0,0,0,0,0,78,0,0,0,390,0,1,1,0,0,pay_only,pay_only,n/d,n/d,shadow_sem_mapeamento_diario,comparador_de_pacotes_ainda_nao_decisorio,shadow_sem_mapeamento_diario,,,,sem_saldo_temporal_auditavel,saldo_temporal_insuficiente_cumulativo,0,1,0,construido_dry_run_nao_decisorio,1,1
2026-10-15,pay_then_switch,motor_nativo_dry_run,estado_0047,1,132.4,0,0,0,0,0,0,78,0,0,0,390,0,1,1,0,0,pay_only,pay_only,n/d,n/d,shadow_sem_mapeamento_diario,comparador_de_pacotes_ainda_nao_decisorio,shadow_sem_mapeamento_diario,,,,sem_saldo_temporal_auditavel,saldo_temporal_insuficiente_cumulativo,0,1,0,construido_dry_run_nao_decisorio,1,1
2026-10-20,no_action,fora_janela_do_dia,estado_0048,2,6113.31,0,0,0,0,0,0,78,0,0,0,390,0,0,0,0,0,pay_only,pay_only,pagamento_obrigatorio_no_dia,comparador_de_pacotes_ainda_nao_decisorio,pagamento_obrigatorio_no_dia,comparador_de_pacotes_ainda_nao_decisorio,pacote_nao_materializado_por_restricao_da_etapa,,,,ok,n/d,1,3,1,n/d,0,0
2026-10-20,switch_only,fora_janela_do_dia,estado_0048,2,6113.31,0,0,0,0,0,0,78,0,0,0,390,0,0,0,0,0,pay_only,pay_only,pagamento_obrigatorio_no_dia,comparador_de_pacotes_ainda_nao_decisorio,pagamento_obrigatorio_no_dia,comparador_de_pacotes_ainda_nao_decisorio,pacote_nao_materializado_por_restricao_da_etapa,,,,ok,n/d,1,3,1,n/d,0,1
2026-10-20,pay_only,motor_nativo_dry_run,estado_0048,2,6113.31,0,0,0,0,0,0,78,0,0,0,390,0,1,1,1,1,pay_only,pay_only,n/d,n/d,n/d,n/d,n/d,,,,ok,n/d,1,3,1,construido_dry_run_nao_decisorio,1,0
2026-10-20,switch_then_pay,motor_nativo_dry_run,estado_0048,2,6113.31,0,0,0,0,0,0,78,0,0,0,390,0,1,1,0,0,pay_only,pay_only,n/d,n/d,shadow_sem_mapeamento_diario,comparador_de_pacotes_ainda_nao_decisorio,shadow_sem_mapeamento_diario,,,,ok,n/d,1,3,1,construido_dry_run_nao_decisorio,1,1
2026-10-20,pay_then_switch,motor_nativo_dry_run,estado_0048,2,6113.31,0,0,0,0,0,0,78,0,0,0,390,0,1,1,0,0,pay_only,pay_only,n/d,n/d,shadow_sem_mapeamento_diario,comparador_de_pacotes_ainda_nao_decisorio,shadow_sem_mapeamento_diario,,,,ok,n/d,1,3,1,construido_dry_run_nao_decisorio,1,1
2026-11-03,no_action,fora_janela_do_dia,estado_0049,1,2200.0,0,0,0,0,0,0,78,0,0,0,390,0,0,0,0,0,pay_only,pay_only,pagamento_obrigatorio_no_dia,comparador_de_pacotes_ainda_nao_decisorio,pagamento_obrigatorio_no_dia,comparador_de_pacotes_ainda_nao_decisorio,pacote_nao_materializado_por_restricao_da_etapa,,,,sem_saldo_temporal_auditavel,saldo_temporal_insuficiente_cumulativo,0,1,0,n/d,0,0
2026-11-03,switch_only,fora_janela_do_dia,estado_0049,1,2200.0,0,0,0,0,0,0,78,0,0,0,390,0,0,0,0,0,pay_only,pay_only,pagamento_obrigatorio_no_dia,comparador_de_pacotes_ainda_nao_decisorio,pagamento_obrigatorio_no_dia,comparador_de_pacotes_ainda_nao_decisorio,pacote_nao_materializado_por_restricao_da_etapa,,,,sem_saldo_temporal_auditavel,saldo_temporal_insuficiente_cumulativo,0,1,0,n/d,0,1
2026-11-03,pay_only,motor_nativo_dry_run,estado_0049,1,2200.0,0,0,0,0,0,0,78,0,0,0,390,0,1,1,1,1,pay_only,pay_only,n/d,n/d,n/d,n/d,n/d,,,,sem_saldo_temporal_auditavel,saldo_temporal_insuficiente_cumulativo,0,1,0,construido_dry_run_nao_decisorio,1,0
2026-11-03,switch_then_pay,motor_nativo_dry_run,estado_0049,1,2200.0,0,0,0,0,0,0,78,0,0,0,390,0,1,1,0,0,pay_only,pay_only,n/d,n/d,shadow_sem_mapeamento_diario,comparador_de_pacotes_ainda_nao_decisorio,shadow_sem_mapeamento_diario,,,,sem_saldo_temporal_auditavel,saldo_temporal_insuficiente_cumulativo,0,1,0,construido_dry_run_nao_decisorio,1,1
2026-11-03,pay_then_switch,motor_nativo_dry_run,estado_0049,1,2200.0,0,0,0,0,0,0,78,0,0,0,390,0,1,1,0,0,pay_only,pay_only,n/d,n/d,shadow_sem_mapeamento_diario,comparador_de_pacotes_ainda_nao_decisorio,shadow_sem_mapeamento_diario,,,,sem_saldo_temporal_auditavel,saldo_temporal_insuficiente_cumulativo,0,1,0,construido_dry_run_nao_decisorio,1,1
2026-11-06,no_action,fora_janela_do_dia,estado_0050,2,1145.0,0,0,0,0,0,0,78,0,0,0,390,0,0,0,0,0,pay_only,pay_only,pagamento_obrigatorio_no_dia,comparador_de_pacotes_ainda_nao_decisorio,pagamento_obrigatorio_no_dia,comparador_de_pacotes_ainda_nao_decisorio,pacote_nao_materializado_por_restricao_da_etapa,,,,sem_saldo_temporal_auditavel,saldo_temporal_insuficiente_cumulativo,0,2,0,n/d,0,0
2026-11-06,switch_only,fora_janela_do_dia,estado_0050,2,1145.0,0,0,0,0,0,0,78,0,0,0,390,0,0,0,0,0,pay_only,pay_only,pagamento_obrigatorio_no_dia,comparador_de_pacotes_ainda_nao_decisorio,pagamento_obrigatorio_no_dia,comparador_de_pacotes_ainda_nao_decisorio,pacote_nao_materializado_por_restricao_da_etapa,,,,sem_saldo_temporal_auditavel,saldo_temporal_insuficiente_cumulativo,0,2,0,n/d,0,1
2026-11-06,pay_only,motor_nativo_dry_run,estado_0050,2,1145.0,0,0,0,0,0,0,78,0,0,0,390,0,1,1,1,1,pay_only,pay_only,n/d,n/d,n/d,n/d,n/d,,,,sem_saldo_temporal_auditavel,saldo_temporal_insuficiente_cumulativo,0,2,0,construido_dry_run_nao_decisorio,1,0
2026-11-06,switch_then_pay,motor_nativo_dry_run,estado_0050,2,1145.0,0,0,0,0,0,0,78,0,0,0,390,0,1,1,0,0,pay_only,pay_only,n/d,n/d,shadow_sem_mapeamento_diario,comparador_de_pacotes_ainda_nao_decisorio,shadow_sem_mapeamento_diario,,,,sem_saldo_temporal_auditavel,saldo_temporal_insuficiente_cumulativo,0,2,0,construido_dry_run_nao_decisorio,1,1
2026-11-06,pay_then_switch,motor_nativo_dry_run,estado_0050,2,1145.0,0,0,0,0,0,0,78,0,0,0,390,0,1,1,0,0,pay_only,pay_only,n/d,n/d,shadow_sem_mapeamento_diario,comparador_de_pacotes_ainda_nao_decisorio,shadow_sem_mapeamento_diario,,,,sem_saldo_temporal_auditavel,saldo_temporal_insuficiente_cumulativo,0,2,0,construido_dry_run_nao_decisorio,1,1
2026-11-09,no_action,fora_janela_do_dia,estado_0051,2,210.0,0,0,0,0,0,0,78,0,0,0,390,0,0,0,0,0,pay_only,pay_only,pagamento_obrigatorio_no_dia,comparador_de_pacotes_ainda_nao_decisorio,pagamento_obrigatorio_no_dia,comparador_de_pacotes_ainda_nao_decisorio,pacote_nao_materializado_por_restricao_da_etapa,,,,sem_saldo_temporal_auditavel,saldo_temporal_insuficiente_cumulativo,0,2,0,n/d,0,0
2026-11-09,switch_only,fora_janela_do_dia,estado_0051,2,210.0,0,0,0,0,0,0,78,0,0,0,390,0,0,0,0,0,pay_only,pay_only,pagamento_obrigatorio_no_dia,comparador_de_pacotes_ainda_nao_decisorio,pagamento_obrigatorio_no_dia,comparador_de_pacotes_ainda_nao_decisorio,pacote_nao_materializado_por_restricao_da_etapa,,,,sem_saldo_temporal_auditavel,saldo_temporal_insuficiente_cumulativo,0,2,0,n/d,0,1
2026-11-09,pay_only,motor_nativo_dry_run,estado_0051,2,210.0,0,0,0,0,0,0,78,0,0,0,390,0,1,1,1,1,pay_only,pay_only,n/d,n/d,n/d,n/d,n/d,,,,sem_saldo_temporal_auditavel,saldo_temporal_insuficiente_cumulativo,0,2,0,construido_dry_run_nao_decisorio,1,0
2026-11-09,switch_then_pay,motor_nativo_dry_run,estado_0051,2,210.0,0,0,0,0,0,0,78,0,0,0,390,0,1,1,0,0,pay_only,pay_only,n/d,n/d,shadow_sem_mapeamento_diario,comparador_de_pacotes_ainda_nao_decisorio,shadow_sem_mapeamento_diario,,,,sem_saldo_temporal_auditavel,saldo_temporal_insuficiente_cumulativo,0,2,0,construido_dry_run_nao_decisorio,1,1
2026-11-09,pay_then_switch,motor_nativo_dry_run,estado_0051,2,210.0,0,0,0,0,0,0,78,0,0,0,390,0,1,1,0,0,pay_only,pay_only,n/d,n/d,shadow_sem_mapeamento_diario,comparador_de_pacotes_ainda_nao_decisorio,shadow_sem_mapeamento_diario,,,,sem_saldo_temporal_auditavel,saldo_temporal_insuficiente_cumulativo,0,2,0,construido_dry_run_nao_decisorio,1,1
2026-11-10,no_action,fora_janela_do_dia,estado_0052,1,65.0,0,0,0,0,0,0,78,0,0,0,390,0,0,0,0,0,pay_only,pay_only,pagamento_obrigatorio_no_dia,comparador_de_pacotes_ainda_nao_decisorio,pagamento_obrigatorio_no_dia,comparador_de_pacotes_ainda_nao_decisorio,pacote_nao_materializado_por_restricao_da_etapa,,,,sem_saldo_temporal_auditavel,saldo_temporal_insuficiente_cumulativo,0,1,0,n/d,0,0
2026-11-10,switch_only,fora_janela_do_dia,estado_0052,1,65.0,0,0,0,0,0,0,78,0,0,0,390,0,0,0,0,0,pay_only,pay_only,pagamento_obrigatorio_no_dia,comparador_de_pacotes_ainda_nao_decisorio,pagamento_obrigatorio_no_dia,comparador_de_pacotes_ainda_nao_decisorio,pacote_nao_materializado_por_restricao_da_etapa,,,,sem_saldo_temporal_auditavel,saldo_temporal_insuficiente_cumulativo,0,1,0,n/d,0,1
2026-11-10,pay_only,motor_nativo_dry_run,estado_0052,1,65.0,0,0,0,0,0,0,78,0,0,0,390,0,1,1,1,1,pay_only,pay_only,n/d,n/d,n/d,n/d,n/d,,,,sem_saldo_temporal_auditavel,saldo_temporal_insuficiente_cumulativo,0,1,0,construido_dry_run_nao_decisorio,1,0
2026-11-10,switch_then_pay,motor_nativo_dry_run,estado_0052,1,65.0,0,0,0,0,0,0,78,0,0,0,390,0,1,1,0,0,pay_only,pay_only,n/d,n/d,shadow_sem_mapeamento_diario,comparador_de_pacotes_ainda_nao_decisorio,shadow_sem_mapeamento_diario,,,,sem_saldo_temporal_auditavel,saldo_temporal_insuficiente_cumulativo,0,1,0,construido_dry_run_nao_decisorio,1,1
2026-11-10,pay_then_switch,motor_nativo_dry_run,estado_0052,1,65.0,0,0,0,0,0,0,78,0,0,0,390,0,1,1,0,0,pay_only,pay_only,n/d,n/d,shadow_sem_mapeamento_diario,comparador_de_pacotes_ainda_nao_decisorio,shadow_sem_mapeamento_diario,,,,sem_saldo_temporal_auditavel,saldo_temporal_insuficiente_cumulativo,0,1,0,construido_dry_run_nao_decisorio,1,1
2026-11-11,no_action,fora_janela_do_dia,estado_0053,2,145.12,0,0,0,0,0,0,78,0,0,0,390,0,0,0,0,0,pay_only,pay_only,pagamento_obrigatorio_no_dia,comparador_de_pacotes_ainda_nao_decisorio,pagamento_obrigatorio_no_dia,comparador_de_pacotes_ainda_nao_decisorio,pacote_nao_materializado_por_restricao_da_etapa,,,,sem_saldo_temporal_auditavel,saldo_temporal_insuficiente_cumulativo,0,2,0,n/d,0,0
2026-11-11,switch_only,fora_janela_do_dia,estado_0053,2,145.12,0,0,0,0,0,0,78,0,0,0,390,0,0,0,0,0,pay_only,pay_only,pagamento_obrigatorio_no_dia,comparador_de_pacotes_ainda_nao_decisorio,pagamento_obrigatorio_no_dia,comparador_de_pacotes_ainda_nao_decisorio,pacote_nao_materializado_por_restricao_da_etapa,,,,sem_saldo_temporal_auditavel,saldo_temporal_insuficiente_cumulativo,0,2,0,n/d,0,1
2026-11-11,pay_only,motor_nativo_dry_run,estado_0053,2,145.12,0,0,0,0,0,0,78,0,0,0,390,0,1,1,1,1,pay_only,pay_only,n/d,n/d,n/d,n/d,n/d,,,,sem_saldo_temporal_auditavel,saldo_temporal_insuficiente_cumulativo,0,2,0,construido_dry_run_nao_decisorio,1,0
2026-11-11,switch_then_pay,motor_nativo_dry_run,estado_0053,2,145.12,0,0,0,0,0,0,78,0,0,0,390,0,1,1,0,0,pay_only,pay_only,n/d,n/d,shadow_sem_mapeamento_diario,comparador_de_pacotes_ainda_nao_decisorio,shadow_sem_mapeamento_diario,,,,sem_saldo_temporal_auditavel,saldo_temporal_insuficiente_cumulativo,0,2,0,construido_dry_run_nao_decisorio,1,1
2026-11-11,pay_then_switch,motor_nativo_dry_run,estado_0053,2,145.12,0,0,0,0,0,0,78,0,0,0,390,0,1,1,0,0,pay_only,pay_only,n/d,n/d,shadow_sem_mapeamento_diario,comparador_de_pacotes_ainda_nao_decisorio,shadow_sem_mapeamento_diario,,,,sem_saldo_temporal_auditavel,saldo_temporal_insuficiente_cumulativo,0,2,0,construido_dry_run_nao_decisorio,1,1
2026-11-12,no_action,fora_janela_do_dia,estado_0054,2,3813.35,0,0,0,0,0,0,78,0,0,0,390,0,0,0,0,0,pay_only,pay_only,pagamento_obrigatorio_no_dia,comparador_de_pacotes_ainda_nao_decisorio,pagamento_obrigatorio_no_dia,comparador_de_pacotes_ainda_nao_decisorio,pacote_nao_materializado_por_restricao_da_etapa,,,,sem_saldo_temporal_auditavel,saldo_temporal_insuficiente_cumulativo,0,2,0,n/d,0,0
2026-11-12,switch_only,fora_janela_do_dia,estado_0054,2,3813.35,0,0,0,0,0,0,78,0,0,0,390,0,0,0,0,0,pay_only,pay_only,pagamento_obrigatorio_no_dia,comparador_de_pacotes_ainda_nao_decisorio,pagamento_obrigatorio_no_dia,comparador_de_pacotes_ainda_nao_decisorio,pacote_nao_materializado_por_restricao_da_etapa,,,,sem_saldo_temporal_auditavel,saldo_temporal_insuficiente_cumulativo,0,2,0,n/d,0,1
2026-11-12,pay_only,motor_nativo_dry_run,estado_0054,2,3813.35,0,0,0,0,0,0,78,0,0,0,390,0,1,1,1,1,pay_only,pay_only,n/d,n/d,n/d,n/d,n/d,,,,sem_saldo_temporal_auditavel,saldo_temporal_insuficiente_cumulativo,0,2,0,construido_dry_run_nao_decisorio,1,0
2026-11-12,switch_then_pay,motor_nativo_dry_run,estado_0054,2,3813.35,0,0,0,0,0,0,78,0,0,0,390,0,1,1,0,0,pay_only,pay_only,n/d,n/d,shadow_sem_mapeamento_diario,comparador_de_pacotes_ainda_nao_decisorio,shadow_sem_mapeamento_diario,,,,sem_saldo_temporal_auditavel,saldo_temporal_insuficiente_cumulativo,0,2,0,construido_dry_run_nao_decisorio,1,1
2026-11-12,pay_then_switch,motor_nativo_dry_run,estado_0054,2,3813.35,0,0,0,0,0,0,78,0,0,0,390,0,1,1,0,0,pay_only,pay_only,n/d,n/d,shadow_sem_mapeamento_diario,comparador_de_pacotes_ainda_nao_decisorio,shadow_sem_mapeamento_diario,,,,sem_saldo_temporal_auditavel,saldo_temporal_insuficiente_cumulativo,0,2,0,construido_dry_run_nao_decisorio,1,1
2026-11-16,no_action,fora_janela_do_dia,estado_0055,1,132.4,0,0,0,0,0,0,78,0,0,0,390,0,0,0,0,0,pay_only,pay_only,pagamento_obrigatorio_no_dia,comparador_de_pacotes_ainda_nao_decisorio,pagamento_obrigatorio_no_dia,comparador_de_pacotes_ainda_nao_decisorio,pacote_nao_materializado_por_restricao_da_etapa,,,,sem_saldo_temporal_auditavel,saldo_temporal_insuficiente_cumulativo,0,1,0,n/d,0,0
2026-11-16,switch_only,fora_janela_do_dia,estado_0055,1,132.4,0,0,0,0,0,0,78,0,0,0,390,0,0,0,0,0,pay_only,pay_only,pagamento_obrigatorio_no_dia,comparador_de_pacotes_ainda_nao_decisorio,pagamento_obrigatorio_no_dia,comparador_de_pacotes_ainda_nao_decisorio,pacote_nao_materializado_por_restricao_da_etapa,,,,sem_saldo_temporal_auditavel,saldo_temporal_insuficiente_cumulativo,0,1,0,n/d,0,1
2026-11-16,pay_only,motor_nativo_dry_run,estado_0055,1,132.4,0,0,0,0,0,0,78,0,0,0,390,0,1,1,1,1,pay_only,pay_only,n/d,n/d,n/d,n/d,n/d,,,,sem_saldo_temporal_auditavel,saldo_temporal_insuficiente_cumulativo,0,1,0,construido_dry_run_nao_decisorio,1,0
2026-11-16,switch_then_pay,motor_nativo_dry_run,estado_0055,1,132.4,0,0,0,0,0,0,78,0,0,0,390,0,1,1,0,0,pay_only,pay_only,n/d,n/d,shadow_sem_mapeamento_diario,comparador_de_pacotes_ainda_nao_decisorio,shadow_sem_mapeamento_diario,,,,sem_saldo_temporal_auditavel,saldo_temporal_insuficiente_cumulativo,0,1,0,construido_dry_run_nao_decisorio,1,1
2026-11-16,pay_then_switch,motor_nativo_dry_run,estado_0055,1,132.4,0,0,0,0,0,0,78,0,0,0,390,0,1,1,0,0,pay_only,pay_only,n/d,n/d,shadow_sem_mapeamento_diario,comparador_de_pacotes_ainda_nao_decisorio,shadow_sem_mapeamento_diario,,,,sem_saldo_temporal_auditavel,saldo_temporal_insuficiente_cumulativo,0,1,0,construido_dry_run_nao_decisorio,1,1
2026-11-20,no_action,fora_janela_do_dia,estado_0056,2,5863.31,0,0,0,0,0,0,78,0,0,0,390,0,0,0,0,0,pay_only,pay_only,pagamento_obrigatorio_no_dia,comparador_de_pacotes_ainda_nao_decisorio,pagamento_obrigatorio_no_dia,comparador_de_pacotes_ainda_nao_decisorio,pacote_nao_materializado_por_restricao_da_etapa,,,,ok,n/d,1,3,1,n/d,0,0
2026-11-20,switch_only,fora_janela_do_dia,estado_0056,2,5863.31,0,0,0,0,0,0,78,0,0,0,390,0,0,0,0,0,pay_only,pay_only,pagamento_obrigatorio_no_dia,comparador_de_pacotes_ainda_nao_decisorio,pagamento_obrigatorio_no_dia,comparador_de_pacotes_ainda_nao_decisorio,pacote_nao_materializado_por_restricao_da_etapa,,,,ok,n/d,1,3,1,n/d,0,1
2026-11-20,pay_only,motor_nativo_dry_run,estado_0056,2,5863.31,0,0,0,0,0,0,78,0,0,0,390,0,1,1,1,1,pay_only,pay_only,n/d,n/d,n/d,n/d,n/d,,,,ok,n/d,1,3,1,construido_dry_run_nao_decisorio,1,0
2026-11-20,switch_then_pay,motor_nativo_dry_run,estado_0056,2,5863.31,0,0,0,0,0,0,78,0,0,0,390,0,1,1,0,0,pay_only,pay_only,n/d,n/d,shadow_sem_mapeamento_diario,comparador_de_pacotes_ainda_nao_decisorio,shadow_sem_mapeamento_diario,,,,ok,n/d,1,3,1,construido_dry_run_nao_decisorio,1,1
2026-11-20,pay_then_switch,motor_nativo_dry_run,estado_0056,2,5863.31,0,0,0,0,0,0,78,0,0,0,390,0,1,1,0,0,pay_only,pay_only,n/d,n/d,shadow_sem_mapeamento_diario,comparador_de_pacotes_ainda_nao_decisorio,shadow_sem_mapeamento_diario,,,,ok,n/d,1,3,1,construido_dry_run_nao_decisorio,1,1
2026-12-02,no_action,fora_janela_do_dia,estado_0057,1,1880.0,0,0,0,0,0,0,78,0,0,0,390,0,0,0,0,0,pay_only,pay_only,pagamento_obrigatorio_no_dia,comparador_de_pacotes_ainda_nao_decisorio,pagamento_obrigatorio_no_dia,comparador_de_pacotes_ainda_nao_decisorio,pacote_nao_materializado_por_restricao_da_etapa,,,,sem_saldo_temporal_auditavel,saldo_temporal_insuficiente_cumulativo,0,1,0,n/d,0,0
2026-12-02,switch_only,fora_janela_do_dia,estado_0057,1,1880.0,0,0,0,0,0,0,78,0,0,0,390,0,0,0,0,0,pay_only,pay_only,pagamento_obrigatorio_no_dia,comparador_de_pacotes_ainda_nao_decisorio,pagamento_obrigatorio_no_dia,comparador_de_pacotes_ainda_nao_decisorio,pacote_nao_materializado_por_restricao_da_etapa,,,,sem_saldo_temporal_auditavel,saldo_temporal_insuficiente_cumulativo,0,1,0,n/d,0,1
2026-12-02,pay_only,motor_nativo_dry_run,estado_0057,1,1880.0,0,0,0,0,0,0,78,0,0,0,390,0,1,1,1,1,pay_only,pay_only,n/d,n/d,n/d,n/d,n/d,,,,sem_saldo_temporal_auditavel,saldo_temporal_insuficiente_cumulativo,0,1,0,construido_dry_run_nao_decisorio,1,0
2026-12-02,switch_then_pay,motor_nativo_dry_run,estado_0057,1,1880.0,0,0,0,0,0,0,78,0,0,0,390,0,1,1,0,0,pay_only,pay_only,n/d,n/d,shadow_sem_mapeamento_diario,comparador_de_pacotes_ainda_nao_decisorio,shadow_sem_mapeamento_diario,,,,sem_saldo_temporal_auditavel,saldo_temporal_insuficiente_cumulativo,0,1,0,construido_dry_run_nao_decisorio,1,1
2026-12-02,pay_then_switch,motor_nativo_dry_run,estado_0057,1,1880.0,0,0,0,0,0,0,78,0,0,0,390,0,1,1,0,0,pay_only,pay_only,n/d,n/d,shadow_sem_mapeamento_diario,comparador_de_pacotes_ainda_nao_decisorio,shadow_sem_mapeamento_diario,,,,sem_saldo_temporal_auditavel,saldo_temporal_insuficiente_cumulativo,0,1,0,construido_dry_run_nao_decisorio,1,1
2026-12-04,no_action,fora_janela_do_dia,estado_0058,1,950.0,0,0,0,0,0,0,78,0,0,0,390,0,0,0,0,0,pay_only,pay_only,pagamento_obrigatorio_no_dia,comparador_de_pacotes_ainda_nao_decisorio,pagamento_obrigatorio_no_dia,comparador_de_pacotes_ainda_nao_decisorio,pacote_nao_materializado_por_restricao_da_etapa,,,,sem_saldo_temporal_auditavel,saldo_temporal_insuficiente_cumulativo,0,1,0,n/d,0,0
2026-12-04,switch_only,fora_janela_do_dia,estado_0058,1,950.0,0,0,0,0,0,0,78,0,0,0,390,0,0,0,0,0,pay_only,pay_only,pagamento_obrigatorio_no_dia,comparador_de_pacotes_ainda_nao_decisorio,pagamento_obrigatorio_no_dia,comparador_de_pacotes_ainda_nao_decisorio,pacote_nao_materializado_por_restricao_da_etapa,,,,sem_saldo_temporal_auditavel,saldo_temporal_insuficiente_cumulativo,0,1,0,n/d,0,1
2026-12-04,pay_only,motor_nativo_dry_run,estado_0058,1,950.0,0,0,0,0,0,0,78,0,0,0,390,0,1,1,1,1,pay_only,pay_only,n/d,n/d,n/d,n/d,n/d,,,,sem_saldo_temporal_auditavel,saldo_temporal_insuficiente_cumulativo,0,1,0,construido_dry_run_nao_decisorio,1,0
2026-12-04,switch_then_pay,motor_nativo_dry_run,estado_0058,1,950.0,0,0,0,0,0,0,78,0,0,0,390,0,1,1,0,0,pay_only,pay_only,n/d,n/d,shadow_sem_mapeamento_diario,comparador_de_pacotes_ainda_nao_decisorio,shadow_sem_mapeamento_diario,,,,sem_saldo_temporal_auditavel,saldo_temporal_insuficiente_cumulativo,0,1,0,construido_dry_run_nao_decisorio,1,1
2026-12-04,pay_then_switch,motor_nativo_dry_run,estado_0058,1,950.0,0,0,0,0,0,0,78,0,0,0,390,0,1,1,0,0,pay_only,pay_only,n/d,n/d,shadow_sem_mapeamento_diario,comparador_de_pacotes_ainda_nao_decisorio,shadow_sem_mapeamento_diario,,,,sem_saldo_temporal_auditavel,saldo_temporal_insuficiente_cumulativo,0,1,0,construido_dry_run_nao_decisorio,1,1
2026-12-07,no_action,fora_janela_do_dia,estado_0059,1,195.0,0,0,0,0,0,0,78,0,0,0,390,0,0,0,0,0,pay_only,pay_only,pagamento_obrigatorio_no_dia,comparador_de_pacotes_ainda_nao_decisorio,pagamento_obrigatorio_no_dia,comparador_de_pacotes_ainda_nao_decisorio,pacote_nao_materializado_por_restricao_da_etapa,,,,sem_saldo_temporal_auditavel,saldo_temporal_insuficiente_cumulativo,0,1,0,n/d,0,0
2026-12-07,switch_only,fora_janela_do_dia,estado_0059,1,195.0,0,0,0,0,0,0,78,0,0,0,390,0,0,0,0,0,pay_only,pay_only,pagamento_obrigatorio_no_dia,comparador_de_pacotes_ainda_nao_decisorio,pagamento_obrigatorio_no_dia,comparador_de_pacotes_ainda_nao_decisorio,pacote_nao_materializado_por_restricao_da_etapa,,,,sem_saldo_temporal_auditavel,saldo_temporal_insuficiente_cumulativo,0,1,0,n/d,0,1
2026-12-07,pay_only,motor_nativo_dry_run,estado_0059,1,195.0,0,0,0,0,0,0,78,0,0,0,390,0,1,1,1,1,pay_only,pay_only,n/d,n/d,n/d,n/d,n/d,,,,sem_saldo_temporal_auditavel,saldo_temporal_insuficiente_cumulativo,0,1,0,construido_dry_run_nao_decisorio,1,0
2026-12-07,switch_then_pay,motor_nativo_dry_run,estado_0059,1,195.0,0,0,0,0,0,0,78,0,0,0,390,0,1,1,0,0,pay_only,pay_only,n/d,n/d,shadow_sem_mapeamento_diario,comparador_de_pacotes_ainda_nao_decisorio,shadow_sem_mapeamento_diario,,,,sem_saldo_temporal_auditavel,saldo_temporal_insuficiente_cumulativo,0,1,0,construido_dry_run_nao_decisorio,1,1
2026-12-07,pay_then_switch,motor_nativo_dry_run,estado_0059,1,195.0,0,0,0,0,0,0,78,0,0,0,390,0,1,1,0,0,pay_only,pay_only,n/d,n/d,shadow_sem_mapeamento_diario,comparador_de_pacotes_ainda_nao_decisorio,shadow_sem_mapeamento_diario,,,,sem_saldo_temporal_auditavel,saldo_temporal_insuficiente_cumulativo,0,1,0,construido_dry_run_nao_decisorio,1,1
2026-12-08,no_action,fora_janela_do_dia,estado_0060,1,120.0,0,0,0,0,0,0,78,0,0,0,390,0,0,0,0,0,pay_only,pay_only,pagamento_obrigatorio_no_dia,comparador_de_pacotes_ainda_nao_decisorio,pagamento_obrigatorio_no_dia,comparador_de_pacotes_ainda_nao_decisorio,pacote_nao_materializado_por_restricao_da_etapa,,,,sem_saldo_temporal_auditavel,saldo_temporal_insuficiente_cumulativo,0,1,0,n/d,0,0
2026-12-08,switch_only,fora_janela_do_dia,estado_0060,1,120.0,0,0,0,0,0,0,78,0,0,0,390,0,0,0,0,0,pay_only,pay_only,pagamento_obrigatorio_no_dia,comparador_de_pacotes_ainda_nao_decisorio,pagamento_obrigatorio_no_dia,comparador_de_pacotes_ainda_nao_decisorio,pacote_nao_materializado_por_restricao_da_etapa,,,,sem_saldo_temporal_auditavel,saldo_temporal_insuficiente_cumulativo,0,1,0,n/d,0,1
2026-12-08,pay_only,motor_nativo_dry_run,estado_0060,1,120.0,0,0,0,0,0,0,78,0,0,0,390,0,1,1,1,1,pay_only,pay_only,n/d,n/d,n/d,n/d,n/d,,,,sem_saldo_temporal_auditavel,saldo_temporal_insuficiente_cumulativo,0,1,0,construido_dry_run_nao_decisorio,1,0
2026-12-08,switch_then_pay,motor_nativo_dry_run,estado_0060,1,120.0,0,0,0,0,0,0,78,0,0,0,390,0,1,1,0,0,pay_only,pay_only,n/d,n/d,shadow_sem_mapeamento_diario,comparador_de_pacotes_ainda_nao_decisorio,shadow_sem_mapeamento_diario,,,,sem_saldo_temporal_auditavel,saldo_temporal_insuficiente_cumulativo,0,1,0,construido_dry_run_nao_decisorio,1,1
2026-12-08,pay_then_switch,motor_nativo_dry_run,estado_0060,1,120.0,0,0,0,0,0,0,78,0,0,0,390,0,1,1,0,0,pay_only,pay_only,n/d,n/d,shadow_sem_mapeamento_diario,comparador_de_pacotes_ainda_nao_decisorio,shadow_sem_mapeamento_diario,,,,sem_saldo_temporal_auditavel,saldo_temporal_insuficiente_cumulativo,0,1,0,construido_dry_run_nao_decisorio,1,1
2026-12-09,no_action,fora_janela_do_dia,estado_0061,2,580.0,0,0,0,0,0,0,78,0,0,0,390,0,0,0,0,0,pay_only,pay_only,pagamento_obrigatorio_no_dia,comparador_de_pacotes_ainda_nao_decisorio,pagamento_obrigatorio_no_dia,comparador_de_pacotes_ainda_nao_decisorio,pacote_nao_materializado_por_restricao_da_etapa,,,,sem_saldo_temporal_auditavel,saldo_temporal_insuficiente_cumulativo,0,2,0,n/d,0,0
2026-12-09,switch_only,fora_janela_do_dia,estado_0061,2,580.0,0,0,0,0,0,0,78,0,0,0,390,0,0,0,0,0,pay_only,pay_only,pagamento_obrigatorio_no_dia,comparador_de_pacotes_ainda_nao_decisorio,pagamento_obrigatorio_no_dia,comparador_de_pacotes_ainda_nao_decisorio,pacote_nao_materializado_por_restricao_da_etapa,,,,sem_saldo_temporal_auditavel,saldo_temporal_insuficiente_cumulativo,0,2,0,n/d,0,1
2026-12-09,pay_only,motor_nativo_dry_run,estado_0061,2,580.0,0,0,0,0,0,0,78,0,0,0,390,0,1,1,1,1,pay_only,pay_only,n/d,n/d,n/d,n/d,n/d,,,,sem_saldo_temporal_auditavel,saldo_temporal_insuficiente_cumulativo,0,2,0,construido_dry_run_nao_decisorio,1,0
2026-12-09,switch_then_pay,motor_nativo_dry_run,estado_0061,2,580.0,0,0,0,0,0,0,78,0,0,0,390,0,1,1,0,0,pay_only,pay_only,n/d,n/d,shadow_sem_mapeamento_diario,comparador_de_pacotes_ainda_nao_decisorio,shadow_sem_mapeamento_diario,,,,sem_saldo_temporal_auditavel,saldo_temporal_insuficiente_cumulativo,0,2,0,construido_dry_run_nao_decisorio,1,1
2026-12-09,pay_then_switch,motor_nativo_dry_run,estado_0061,2,580.0,0,0,0,0,0,0,78,0,0,0,390,0,1,1,0,0,pay_only,pay_only,n/d,n/d,shadow_sem_mapeamento_diario,comparador_de_pacotes_ainda_nao_decisorio,shadow_sem_mapeamento_diario,,,,sem_saldo_temporal_auditavel,saldo_temporal_insuficiente_cumulativo,0,2,0,construido_dry_run_nao_decisorio,1,1
2026-12-10,no_action,fora_janela_do_dia,estado_0062,1,65.0,0,0,0,0,0,0,78,0,0,0,390,0,0,0,0,0,pay_only,pay_only,pagamento_obrigatorio_no_dia,comparador_de_pacotes_ainda_nao_decisorio,pagamento_obrigatorio_no_dia,comparador_de_pacotes_ainda_nao_decisorio,pacote_nao_materializado_por_restricao_da_etapa,,,,sem_saldo_temporal_auditavel,saldo_temporal_insuficiente_cumulativo,0,1,0,n/d,0,0
2026-12-10,switch_only,fora_janela_do_dia,estado_0062,1,65.0,0,0,0,0,0,0,78,0,0,0,390,0,0,0,0,0,pay_only,pay_only,pagamento_obrigatorio_no_dia,comparador_de_pacotes_ainda_nao_decisorio,pagamento_obrigatorio_no_dia,comparador_de_pacotes_ainda_nao_decisorio,pacote_nao_materializado_por_restricao_da_etapa,,,,sem_saldo_temporal_auditavel,saldo_temporal_insuficiente_cumulativo,0,1,0,n/d,0,1
2026-12-10,pay_only,motor_nativo_dry_run,estado_0062,1,65.0,0,0,0,0,0,0,78,0,0,0,390,0,1,1,1,1,pay_only,pay_only,n/d,n/d,n/d,n/d,n/d,,,,sem_saldo_temporal_auditavel,saldo_temporal_insuficiente_cumulativo,0,1,0,construido_dry_run_nao_decisorio,1,0
2026-12-10,switch_then_pay,motor_nativo_dry_run,estado_0062,1,65.0,0,0,0,0,0,0,78,0,0,0,390,0,1,1,0,0,pay_only,pay_only,n/d,n/d,shadow_sem_mapeamento_diario,comparador_de_pacotes_ainda_nao_decisorio,shadow_sem_mapeamento_diario,,,,sem_saldo_temporal_auditavel,saldo_temporal_insuficiente_cumulativo,0,1,0,construido_dry_run_nao_decisorio,1,1
2026-12-10,pay_then_switch,motor_nativo_dry_run,estado_0062,1,65.0,0,0,0,0,0,0,78,0,0,0,390,0,1,1,0,0,pay_only,pay_only,n/d,n/d,shadow_sem_mapeamento_diario,comparador_de_pacotes_ainda_nao_decisorio,shadow_sem_mapeamento_diario,,,,sem_saldo_temporal_auditavel,saldo_temporal_insuficiente_cumulativo,0,1,0,construido_dry_run_nao_decisorio,1,1
2026-12-11,no_action,fora_janela_do_dia,estado_0063,4,6808.47,0,0,0,0,0,0,78,0,0,0,390,0,0,0,0,0,pay_only,pay_only,pagamento_obrigatorio_no_dia,comparador_de_pacotes_ainda_nao_decisorio,pagamento_obrigatorio_no_dia,comparador_de_pacotes_ainda_nao_decisorio,pacote_nao_materializado_por_restricao_da_etapa,,,,sem_saldo_temporal_auditavel,saldo_temporal_insuficiente_cumulativo,1,5,1,n/d,0,0
2026-12-11,switch_only,fora_janela_do_dia,estado_0063,4,6808.47,0,0,0,0,0,0,78,0,0,0,390,0,0,0,0,0,pay_only,pay_only,pagamento_obrigatorio_no_dia,comparador_de_pacotes_ainda_nao_decisorio,pagamento_obrigatorio_no_dia,comparador_de_pacotes_ainda_nao_decisorio,pacote_nao_materializado_por_restricao_da_etapa,,,,sem_saldo_temporal_auditavel,saldo_temporal_insuficiente_cumulativo,1,5,1,n/d,0,1
2026-12-11,pay_only,motor_nativo_dry_run,estado_0063,4,6808.47,0,0,0,0,0,0,78,0,0,0,390,0,1,1,1,1,pay_only,pay_only,n/d,n/d,n/d,n/d,n/d,,,,sem_saldo_temporal_auditavel,saldo_temporal_insuficiente_cumulativo,1,5,1,construido_dry_run_nao_decisorio,1,0
2026-12-11,switch_then_pay,motor_nativo_dry_run,estado_0063,4,6808.47,0,0,0,0,0,0,78,0,0,0,390,0,1,1,0,0,pay_only,pay_only,n/d,n/d,shadow_sem_mapeamento_diario,comparador_de_pacotes_ainda_nao_decisorio,shadow_sem_mapeamento_diario,,,,sem_saldo_temporal_auditavel,saldo_temporal_insuficiente_cumulativo,1,5,1,construido_dry_run_nao_decisorio,1,1
2026-12-11,pay_then_switch,motor_nativo_dry_run,estado_0063,4,6808.47,0,0,0,0,0,0,78,0,0,0,390,0,1,1,0,0,pay_only,pay_only,n/d,n/d,shadow_sem_mapeamento_diario,comparador_de_pacotes_ainda_nao_decisorio,shadow_sem_mapeamento_diario,,,,sem_saldo_temporal_auditavel,saldo_temporal_insuficiente_cumulativo,1,5,1,construido_dry_run_nao_decisorio,1,1
2026-12-12,no_action,fora_janela_do_dia,estado_0064,1,132.4,0,0,0,0,0,0,78,0,0,0,390,0,0,0,0,0,pay_only,pay_only,pagamento_obrigatorio_no_dia,comparador_de_pacotes_ainda_nao_decisorio,pagamento_obrigatorio_no_dia,comparador_de_pacotes_ainda_nao_decisorio,pacote_nao_materializado_por_restricao_da_etapa,,,,sem_saldo_temporal_auditavel,saldo_temporal_insuficiente_cumulativo,0,1,0,n/d,0,0
2026-12-12,switch_only,fora_janela_do_dia,estado_0064,1,132.4,0,0,0,0,0,0,78,0,0,0,390,0,0,0,0,0,pay_only,pay_only,pagamento_obrigatorio_no_dia,comparador_de_pacotes_ainda_nao_decisorio,pagamento_obrigatorio_no_dia,comparador_de_pacotes_ainda_nao_decisorio,pacote_nao_materializado_por_restricao_da_etapa,,,,sem_saldo_temporal_auditavel,saldo_temporal_insuficiente_cumulativo,0,1,0,n/d,0,1
2026-12-12,pay_only,motor_nativo_dry_run,estado_0064,1,132.4,0,0,0,0,0,0,78,0,0,0,390,0,1,1,1,1,pay_only,pay_only,n/d,n/d,n/d,n/d,n/d,,,,sem_saldo_temporal_auditavel,saldo_temporal_insuficiente_cumulativo,0,1,0,construido_dry_run_nao_decisorio,1,0
2026-12-12,switch_then_pay,motor_nativo_dry_run,estado_0064,1,132.4,0,0,0,0,0,0,78,0,0,0,390,0,1,1,0,0,pay_only,pay_only,n/d,n/d,shadow_sem_mapeamento_diario,comparador_de_pacotes_ainda_nao_decisorio,shadow_sem_mapeamento_diario,,,,sem_saldo_temporal_auditavel,saldo_temporal_insuficiente_cumulativo,0,1,0,construido_dry_run_nao_decisorio,1,1
2026-12-12,pay_then_switch,motor_nativo_dry_run,estado_0064,1,132.4,0,0,0,0,0,0,78,0,0,0,390,0,1,1,0,0,pay_only,pay_only,n/d,n/d,shadow_sem_mapeamento_diario,comparador_de_pacotes_ainda_nao_decisorio,shadow_sem_mapeamento_diario,,,,sem_saldo_temporal_auditavel,saldo_temporal_insuficiente_cumulativo,0,1,0,construido_dry_run_nao_decisorio,1,1
2026-12-20,no_action,fora_janela_do_dia,estado_0065,1,6250.0,0,0,0,0,0,0,78,0,0,0,390,0,0,0,0,0,pay_only,pay_only,pagamento_obrigatorio_no_dia,comparador_de_pacotes_ainda_nao_decisorio,pagamento_obrigatorio_no_dia,comparador_de_pacotes_ainda_nao_decisorio,pacote_nao_materializado_por_restricao_da_etapa,,,,ok,n/d,1,2,1,n/d,0,0
2026-12-20,switch_only,fora_janela_do_dia,estado_0065,1,6250.0,0,0,0,0,0,0,78,0,0,0,390,0,0,0,0,0,pay_only,pay_only,pagamento_obrigatorio_no_dia,comparador_de_pacotes_ainda_nao_decisorio,pagamento_obrigatorio_no_dia,comparador_de_pacotes_ainda_nao_decisorio,pacote_nao_materializado_por_restricao_da_etapa,,,,ok,n/d,1,2,1,n/d,0,1
2026-12-20,pay_only,motor_nativo_dry_run,estado_0065,1,6250.0,0,0,0,0,0,0,78,0,0,0,390,0,1,1,1,1,pay_only,pay_only,n/d,n/d,n/d,n/d,n/d,,,,ok,n/d,1,2,1,construido_dry_run_nao_decisorio,1,0
2026-12-20,switch_then_pay,motor_nativo_dry_run,estado_0065,1,6250.0,0,0,0,0,0,0,78,0,0,0,390,0,1,1,0,0,pay_only,pay_only,n/d,n/d,shadow_sem_mapeamento_diario,comparador_de_pacotes_ainda_nao_decisorio,shadow_sem_mapeamento_diario,,,,ok,n/d,1,2,1,construido_dry_run_nao_decisorio,1,1
2026-12-20,pay_then_switch,motor_nativo_dry_run,estado_0065,1,6250.0,0,0,0,0,0,0,78,0,0,0,390,0,1,1,0,0,pay_only,pay_only,n/d,n/d,shadow_sem_mapeamento_diario,comparador_de_pacotes_ainda_nao_decisorio,shadow_sem_mapeamento_diario,,,,ok,n/d,1,2,1,construido_dry_run_nao_decisorio,1,1
2026-12-21,no_action,fora_janela_do_dia,estado_0066,1,113.31,0,0,0,0,0,0,78,0,0,0,390,0,0,0,0,0,pay_only,pay_only,pagamento_obrigatorio_no_dia,comparador_de_pacotes_ainda_nao_decisorio,pagamento_obrigatorio_no_dia,comparador_de_pacotes_ainda_nao_decisorio,pacote_nao_materializado_por_restricao_da_etapa,,,,sem_saldo_temporal_auditavel,saldo_temporal_insuficiente_cumulativo,0,1,0,n/d,0,0
2026-12-21,switch_only,fora_janela_do_dia,estado_0066,1,113.31,0,0,0,0,0,0,78,0,0,0,390,0,0,0,0,0,pay_only,pay_only,pagamento_obrigatorio_no_dia,comparador_de_pacotes_ainda_nao_decisorio,pagamento_obrigatorio_no_dia,comparador_de_pacotes_ainda_nao_decisorio,pacote_nao_materializado_por_restricao_da_etapa,,,,sem_saldo_temporal_auditavel,saldo_temporal_insuficiente_cumulativo,0,1,0,n/d,0,1
2026-12-21,pay_only,motor_nativo_dry_run,estado_0066,1,113.31,0,0,0,0,0,0,78,0,0,0,390,0,1,1,1,1,pay_only,pay_only,n/d,n/d,n/d,n/d,n/d,,,,sem_saldo_temporal_auditavel,saldo_temporal_insuficiente_cumulativo,0,1,0,construido_dry_run_nao_decisorio,1,0
2026-12-21,switch_then_pay,motor_nativo_dry_run,estado_0066,1,113.31,0,0,0,0,0,0,78,0,0,0,390,0,1,1,0,0,pay_only,pay_only,n/d,n/d,shadow_sem_mapeamento_diario,comparador_de_pacotes_ainda_nao_decisorio,shadow_sem_mapeamento_diario,,,,sem_saldo_temporal_auditavel,saldo_temporal_insuficiente_cumulativo,0,1,0,construido_dry_run_nao_decisorio,1,1
2026-12-21,pay_then_switch,motor_nativo_dry_run,estado_0066,1,113.31,0,0,0,0,0,0,78,0,0,0,390,0,1,1,0,0,pay_only,pay_only,n/d,n/d,shadow_sem_mapeamento_diario,comparador_de_pacotes_ainda_nao_decisorio,shadow_sem_mapeamento_diario,,,,sem_saldo_temporal_auditavel,saldo_temporal_insuficiente_cumulativo,0,1,0,construido_dry_run_nao_decisorio,1,1
2027-01-04,no_action,fora_janela_do_dia,estado_0067,1,2000.0,0,0,0,0,0,0,78,0,0,0,390,0,0,0,0,0,pay_only,pay_only,pagamento_obrigatorio_no_dia,comparador_de_pacotes_ainda_nao_decisorio,pagamento_obrigatorio_no_dia,comparador_de_pacotes_ainda_nao_decisorio,pacote_nao_materializado_por_restricao_da_etapa,,,,sem_saldo_temporal_auditavel,saldo_temporal_insuficiente_cumulativo,0,1,0,n/d,0,0
2027-01-04,switch_only,fora_janela_do_dia,estado_0067,1,2000.0,0,0,0,0,0,0,78,0,0,0,390,0,0,0,0,0,pay_only,pay_only,pagamento_obrigatorio_no_dia,comparador_de_pacotes_ainda_nao_decisorio,pagamento_obrigatorio_no_dia,comparador_de_pacotes_ainda_nao_decisorio,pacote_nao_materializado_por_restricao_da_etapa,,,,sem_saldo_temporal_auditavel,saldo_temporal_insuficiente_cumulativo,0,1,0,n/d,0,1
2027-01-04,pay_only,motor_nativo_dry_run,estado_0067,1,2000.0,0,0,0,0,0,0,78,0,0,0,390,0,1,1,1,1,pay_only,pay_only,n/d,n/d,n/d,n/d,n/d,,,,sem_saldo_temporal_auditavel,saldo_temporal_insuficiente_cumulativo,0,1,0,construido_dry_run_nao_decisorio,1,0
2027-01-04,switch_then_pay,motor_nativo_dry_run,estado_0067,1,2000.0,0,0,0,0,0,0,78,0,0,0,390,0,1,1,0,0,pay_only,pay_only,n/d,n/d,shadow_sem_mapeamento_diario,comparador_de_pacotes_ainda_nao_decisorio,shadow_sem_mapeamento_diario,,,,sem_saldo_temporal_auditavel,saldo_temporal_insuficiente_cumulativo,0,1,0,construido_dry_run_nao_decisorio,1,1
2027-01-04,pay_then_switch,motor_nativo_dry_run,estado_0067,1,2000.0,0,0,0,0,0,0,78,0,0,0,390,0,1,1,0,0,pay_only,pay_only,n/d,n/d,shadow_sem_mapeamento_diario,comparador_de_pacotes_ainda_nao_decisorio,shadow_sem_mapeamento_diario,,,,sem_saldo_temporal_auditavel,saldo_temporal_insuficiente_cumulativo,0,1,0,construido_dry_run_nao_decisorio,1,1
2027-01-06,no_action,fora_janela_do_dia,estado_0068,2,1231.1,0,0,0,0,0,0,78,0,0,0,390,0,0,0,0,0,pay_only,pay_only,pagamento_obrigatorio_no_dia,comparador_de_pacotes_ainda_nao_decisorio,pagamento_obrigatorio_no_dia,comparador_de_pacotes_ainda_nao_decisorio,pacote_nao_materializado_por_restricao_da_etapa,,,,sem_saldo_temporal_auditavel,saldo_temporal_insuficiente_cumulativo,0,2,0,n/d,0,0
2027-01-06,switch_only,fora_janela_do_dia,estado_0068,2,1231.1,0,0,0,0,0,0,78,0,0,0,390,0,0,0,0,0,pay_only,pay_only,pagamento_obrigatorio_no_dia,comparador_de_pacotes_ainda_nao_decisorio,pagamento_obrigatorio_no_dia,comparador_de_pacotes_ainda_nao_decisorio,pacote_nao_materializado_por_restricao_da_etapa,,,,sem_saldo_temporal_auditavel,saldo_temporal_insuficiente_cumulativo,0,2,0,n/d,0,1
2027-01-06,pay_only,motor_nativo_dry_run,estado_0068,2,1231.1,0,0,0,0,0,0,78,0,0,0,390,0,1,1,1,1,pay_only,pay_only,n/d,n/d,n/d,n/d,n/d,,,,sem_saldo_temporal_auditavel,saldo_temporal_insuficiente_cumulativo,0,2,0,construido_dry_run_nao_decisorio,1,0
2027-01-06,switch_then_pay,motor_nativo_dry_run,estado_0068,2,1231.1,0,0,0,0,0,0,78,0,0,0,390,0,1,1,0,0,pay_only,pay_only,n/d,n/d,shadow_sem_mapeamento_diario,comparador_de_pacotes_ainda_nao_decisorio,shadow_sem_mapeamento_diario,,,,sem_saldo_temporal_auditavel,saldo_temporal_insuficiente_cumulativo,0,2,0,construido_dry_run_nao_decisorio,1,1
2027-01-06,pay_then_switch,motor_nativo_dry_run,estado_0068,2,1231.1,0,0,0,0,0,0,78,0,0,0,390,0,1,1,0,0,pay_only,pay_only,n/d,n/d,shadow_sem_mapeamento_diario,comparador_de_pacotes_ainda_nao_decisorio,shadow_sem_mapeamento_diario,,,,sem_saldo_temporal_auditavel,saldo_temporal_insuficiente_cumulativo,0,2,0,construido_dry_run_nao_decisorio,1,1
2027-01-08,no_action,fora_janela_do_dia,estado_0069,1,120.0,0,0,0,0,0,0,78,0,0,0,390,0,0,0,0,0,pay_only,pay_only,pagamento_obrigatorio_no_dia,comparador_de_pacotes_ainda_nao_decisorio,pagamento_obrigatorio_no_dia,comparador_de_pacotes_ainda_nao_decisorio,pacote_nao_materializado_por_restricao_da_etapa,,,,sem_saldo_temporal_auditavel,saldo_temporal_insuficiente_cumulativo,0,1,0,n/d,0,0
2027-01-08,switch_only,fora_janela_do_dia,estado_0069,1,120.0,0,0,0,0,0,0,78,0,0,0,390,0,0,0,0,0,pay_only,pay_only,pagamento_obrigatorio_no_dia,comparador_de_pacotes_ainda_nao_decisorio,pagamento_obrigatorio_no_dia,comparador_de_pacotes_ainda_nao_decisorio,pacote_nao_materializado_por_restricao_da_etapa,,,,sem_saldo_temporal_auditavel,saldo_temporal_insuficiente_cumulativo,0,1,0,n/d,0,1
2027-01-08,pay_only,motor_nativo_dry_run,estado_0069,1,120.0,0,0,0,0,0,0,78,0,0,0,390,0,1,1,1,1,pay_only,pay_only,n/d,n/d,n/d,n/d,n/d,,,,sem_saldo_temporal_auditavel,saldo_temporal_insuficiente_cumulativo,0,1,0,construido_dry_run_nao_decisorio,1,0
2027-01-08,switch_then_pay,motor_nativo_dry_run,estado_0069,1,120.0,0,0,0,0,0,0,78,0,0,0,390,0,1,1,0,0,pay_only,pay_only,n/d,n/d,shadow_sem_mapeamento_diario,comparador_de_pacotes_ainda_nao_decisorio,shadow_sem_mapeamento_diario,,,,sem_saldo_temporal_auditavel,saldo_temporal_insuficiente_cumulativo,0,1,0,construido_dry_run_nao_decisorio,1,1
2027-01-08,pay_then_switch,motor_nativo_dry_run,estado_0069,1,120.0,0,0,0,0,0,0,78,0,0,0,390,0,1,1,0,0,pay_only,pay_only,n/d,n/d,shadow_sem_mapeamento_diario,comparador_de_pacotes_ainda_nao_decisorio,shadow_sem_mapeamento_diario,,,,sem_saldo_temporal_auditavel,saldo_temporal_insuficiente_cumulativo,0,1,0,construido_dry_run_nao_decisorio,1,1
2027-01-10,no_action,fora_janela_do_dia,estado_0070,1,65.0,0,0,0,0,0,0,78,0,0,0,390,0,0,0,0,0,pay_only,pay_only,pagamento_obrigatorio_no_dia,comparador_de_pacotes_ainda_nao_decisorio,pagamento_obrigatorio_no_dia,comparador_de_pacotes_ainda_nao_decisorio,pacote_nao_materializado_por_restricao_da_etapa,,,,sem_saldo_temporal_auditavel,saldo_temporal_insuficiente_cumulativo,0,1,0,n/d,0,0
2027-01-10,switch_only,fora_janela_do_dia,estado_0070,1,65.0,0,0,0,0,0,0,78,0,0,0,390,0,0,0,0,0,pay_only,pay_only,pagamento_obrigatorio_no_dia,comparador_de_pacotes_ainda_nao_decisorio,pagamento_obrigatorio_no_dia,comparador_de_pacotes_ainda_nao_decisorio,pacote_nao_materializado_por_restricao_da_etapa,,,,sem_saldo_temporal_auditavel,saldo_temporal_insuficiente_cumulativo,0,1,0,n/d,0,1
2027-01-10,pay_only,motor_nativo_dry_run,estado_0070,1,65.0,0,0,0,0,0,0,78,0,0,0,390,0,1,1,1,1,pay_only,pay_only,n/d,n/d,n/d,n/d,n/d,,,,sem_saldo_temporal_auditavel,saldo_temporal_insuficiente_cumulativo,0,1,0,construido_dry_run_nao_decisorio,1,0
2027-01-10,switch_then_pay,motor_nativo_dry_run,estado_0070,1,65.0,0,0,0,0,0,0,78,0,0,0,390,0,1,1,0,0,pay_only,pay_only,n/d,n/d,shadow_sem_mapeamento_diario,comparador_de_pacotes_ainda_nao_decisorio,shadow_sem_mapeamento_diario,,,,sem_saldo_temporal_auditavel,saldo_temporal_insuficiente_cumulativo,0,1,0,construido_dry_run_nao_decisorio,1,1
2027-01-10,pay_then_switch,motor_nativo_dry_run,estado_0070,1,65.0,0,0,0,0,0,0,78,0,0,0,390,0,1,1,0,0,pay_only,pay_only,n/d,n/d,shadow_sem_mapeamento_diario,comparador_de_pacotes_ainda_nao_decisorio,shadow_sem_mapeamento_diario,,,,sem_saldo_temporal_auditavel,saldo_temporal_insuficiente_cumulativo,0,1,0,construido_dry_run_nao_decisorio,1,1
2027-01-11,no_action,fora_janela_do_dia,estado_0071,1,105.37,0,0,0,0,0,0,78,0,0,0,390,0,0,0,0,0,pay_only,pay_only,pagamento_obrigatorio_no_dia,comparador_de_pacotes_ainda_nao_decisorio,pagamento_obrigatorio_no_dia,comparador_de_pacotes_ainda_nao_decisorio,pacote_nao_materializado_por_restricao_da_etapa,,,,sem_saldo_temporal_auditavel,saldo_temporal_insuficiente_cumulativo,0,1,0,n/d,0,0
2027-01-11,switch_only,fora_janela_do_dia,estado_0071,1,105.37,0,0,0,0,0,0,78,0,0,0,390,0,0,0,0,0,pay_only,pay_only,pagamento_obrigatorio_no_dia,comparador_de_pacotes_ainda_nao_decisorio,pagamento_obrigatorio_no_dia,comparador_de_pacotes_ainda_nao_decisorio,pacote_nao_materializado_por_restricao_da_etapa,,,,sem_saldo_temporal_auditavel,saldo_temporal_insuficiente_cumulativo,0,1,0,n/d,0,1
2027-01-11,pay_only,motor_nativo_dry_run,estado_0071,1,105.37,0,0,0,0,0,0,78,0,0,0,390,0,1,1,1,1,pay_only,pay_only,n/d,n/d,n/d,n/d,n/d,,,,sem_saldo_temporal_auditavel,saldo_temporal_insuficiente_cumulativo,0,1,0,construido_dry_run_nao_decisorio,1,0
2027-01-11,switch_then_pay,motor_nativo_dry_run,estado_0071,1,105.37,0,0,0,0,0,0,78,0,0,0,390,0,1,1,0,0,pay_only,pay_only,n/d,n/d,shadow_sem_mapeamento_diario,comparador_de_pacotes_ainda_nao_decisorio,shadow_sem_mapeamento_diario,,,,sem_saldo_temporal_auditavel,saldo_temporal_insuficiente_cumulativo,0,1,0,construido_dry_run_nao_decisorio,1,1
2027-01-11,pay_then_switch,motor_nativo_dry_run,estado_0071,1,105.37,0,0,0,0,0,0,78,0,0,0,390,0,1,1,0,0,pay_only,pay_only,n/d,n/d,shadow_sem_mapeamento_diario,comparador_de_pacotes_ainda_nao_decisorio,shadow_sem_mapeamento_diario,,,,sem_saldo_temporal_auditavel,saldo_temporal_insuficiente_cumulativo,0,1,0,construido_dry_run_nao_decisorio,1,1
2027-01-12,no_action,fora_janela_do_dia,estado_0072,1,983.13,0,0,0,0,0,0,78,0,0,0,390,0,0,0,0,0,pay_only,pay_only,pagamento_obrigatorio_no_dia,comparador_de_pacotes_ainda_nao_decisorio,pagamento_obrigatorio_no_dia,comparador_de_pacotes_ainda_nao_decisorio,pacote_nao_materializado_por_restricao_da_etapa,,,,sem_saldo_temporal_auditavel,saldo_temporal_insuficiente_cumulativo,0,1,0,n/d,0,0
2027-01-12,switch_only,fora_janela_do_dia,estado_0072,1,983.13,0,0,0,0,0,0,78,0,0,0,390,0,0,0,0,0,pay_only,pay_only,pagamento_obrigatorio_no_dia,comparador_de_pacotes_ainda_nao_decisorio,pagamento_obrigatorio_no_dia,comparador_de_pacotes_ainda_nao_decisorio,pacote_nao_materializado_por_restricao_da_etapa,,,,sem_saldo_temporal_auditavel,saldo_temporal_insuficiente_cumulativo,0,1,0,n/d,0,1
2027-01-12,pay_only,motor_nativo_dry_run,estado_0072,1,983.13,0,0,0,0,0,0,78,0,0,0,390,0,1,1,1,1,pay_only,pay_only,n/d,n/d,n/d,n/d,n/d,,,,sem_saldo_temporal_auditavel,saldo_temporal_insuficiente_cumulativo,0,1,0,construido_dry_run_nao_decisorio,1,0
2027-01-12,switch_then_pay,motor_nativo_dry_run,estado_0072,1,983.13,0,0,0,0,0,0,78,0,0,0,390,0,1,1,0,0,pay_only,pay_only,n/d,n/d,shadow_sem_mapeamento_diario,comparador_de_pacotes_ainda_nao_decisorio,shadow_sem_mapeamento_diario,,,,sem_saldo_temporal_auditavel,saldo_temporal_insuficiente_cumulativo,0,1,0,construido_dry_run_nao_decisorio,1,1
2027-01-12,pay_then_switch,motor_nativo_dry_run,estado_0072,1,983.13,0,0,0,0,0,0,78,0,0,0,390,0,1,1,0,0,pay_only,pay_only,n/d,n/d,shadow_sem_mapeamento_diario,comparador_de_pacotes_ainda_nao_decisorio,shadow_sem_mapeamento_diario,,,,sem_saldo_temporal_auditavel,saldo_temporal_insuficiente_cumulativo,0,1,0,construido_dry_run_nao_decisorio,1,1
2027-01-13,no_action,fora_janela_do_dia,estado_0073,1,50.0,0,0,0,0,0,0,78,0,0,0,390,0,0,0,0,0,pay_only,pay_only,pagamento_obrigatorio_no_dia,comparador_de_pacotes_ainda_nao_decisorio,pagamento_obrigatorio_no_dia,comparador_de_pacotes_ainda_nao_decisorio,pacote_nao_materializado_por_restricao_da_etapa,,,,sem_saldo_temporal_auditavel,saldo_temporal_insuficiente_cumulativo,0,1,0,n/d,0,0
2027-01-13,switch_only,fora_janela_do_dia,estado_0073,1,50.0,0,0,0,0,0,0,78,0,0,0,390,0,0,0,0,0,pay_only,pay_only,pagamento_obrigatorio_no_dia,comparador_de_pacotes_ainda_nao_decisorio,pagamento_obrigatorio_no_dia,comparador_de_pacotes_ainda_nao_decisorio,pacote_nao_materializado_por_restricao_da_etapa,,,,sem_saldo_temporal_auditavel,saldo_temporal_insuficiente_cumulativo,0,1,0,n/d,0,1
2027-01-13,pay_only,motor_nativo_dry_run,estado_0073,1,50.0,0,0,0,0,0,0,78,0,0,0,390,0,1,1,1,1,pay_only,pay_only,n/d,n/d,n/d,n/d,n/d,,,,sem_saldo_temporal_auditavel,saldo_temporal_insuficiente_cumulativo,0,1,0,construido_dry_run_nao_decisorio,1,0
2027-01-13,switch_then_pay,motor_nativo_dry_run,estado_0073,1,50.0,0,0,0,0,0,0,78,0,0,0,390,0,1,1,0,0,pay_only,pay_only,n/d,n/d,shadow_sem_mapeamento_diario,comparador_de_pacotes_ainda_nao_decisorio,shadow_sem_mapeamento_diario,,,,sem_saldo_temporal_auditavel,saldo_temporal_insuficiente_cumulativo,0,1,0,construido_dry_run_nao_decisorio,1,1
2027-01-13,pay_then_switch,motor_nativo_dry_run,estado_0073,1,50.0,0,0,0,0,0,0,78,0,0,0,390,0,1,1,0,0,pay_only,pay_only,n/d,n/d,shadow_sem_mapeamento_diario,comparador_de_pacotes_ainda_nao_decisorio,shadow_sem_mapeamento_diario,,,,sem_saldo_temporal_auditavel,saldo_temporal_insuficiente_cumulativo,0,1,0,construido_dry_run_nao_decisorio,1,1
2027-01-16,no_action,fora_janela_do_dia,estado_0074,1,135.89,0,0,0,0,0,0,78,0,0,0,390,0,0,0,0,0,pay_only,pay_only,pagamento_obrigatorio_no_dia,comparador_de_pacotes_ainda_nao_decisorio,pagamento_obrigatorio_no_dia,comparador_de_pacotes_ainda_nao_decisorio,pacote_nao_materializado_por_restricao_da_etapa,,,,sem_saldo_temporal_auditavel,saldo_temporal_insuficiente_cumulativo,0,1,0,n/d,0,0
2027-01-16,switch_only,fora_janela_do_dia,estado_0074,1,135.89,0,0,0,0,0,0,78,0,0,0,390,0,0,0,0,0,pay_only,pay_only,pagamento_obrigatorio_no_dia,comparador_de_pacotes_ainda_nao_decisorio,pagamento_obrigatorio_no_dia,comparador_de_pacotes_ainda_nao_decisorio,pacote_nao_materializado_por_restricao_da_etapa,,,,sem_saldo_temporal_auditavel,saldo_temporal_insuficiente_cumulativo,0,1,0,n/d,0,1
2027-01-16,pay_only,motor_nativo_dry_run,estado_0074,1,135.89,0,0,0,0,0,0,78,0,0,0,390,0,1,1,1,1,pay_only,pay_only,n/d,n/d,n/d,n/d,n/d,,,,sem_saldo_temporal_auditavel,saldo_temporal_insuficiente_cumulativo,0,1,0,construido_dry_run_nao_decisorio,1,0
2027-01-16,switch_then_pay,motor_nativo_dry_run,estado_0074,1,135.89,0,0,0,0,0,0,78,0,0,0,390,0,1,1,0,0,pay_only,pay_only,n/d,n/d,shadow_sem_mapeamento_diario,comparador_de_pacotes_ainda_nao_decisorio,shadow_sem_mapeamento_diario,,,,sem_saldo_temporal_auditavel,saldo_temporal_insuficiente_cumulativo,0,1,0,construido_dry_run_nao_decisorio,1,1
2027-01-16,pay_then_switch,motor_nativo_dry_run,estado_0074,1,135.89,0,0,0,0,0,0,78,0,0,0,390,0,1,1,0,0,pay_only,pay_only,n/d,n/d,shadow_sem_mapeamento_diario,comparador_de_pacotes_ainda_nao_decisorio,shadow_sem_mapeamento_diario,,,,sem_saldo_temporal_auditavel,saldo_temporal_insuficiente_cumulativo,0,1,0,construido_dry_run_nao_decisorio,1,1
2027-01-20,no_action,fora_janela_do_dia,estado_0075,2,7898.36,0,0,0,0,0,0,78,0,0,0,390,0,0,0,0,0,pay_only,pay_only,pagamento_obrigatorio_no_dia,comparador_de_pacotes_ainda_nao_decisorio,pagamento_obrigatorio_no_dia,comparador_de_pacotes_ainda_nao_decisorio,pacote_nao_materializado_por_restricao_da_etapa,,,,ok,n/d,1,3,1,n/d,0,0
2027-01-20,switch_only,fora_janela_do_dia,estado_0075,2,7898.36,0,0,0,0,0,0,78,0,0,0,390,0,0,0,0,0,pay_only,pay_only,pagamento_obrigatorio_no_dia,comparador_de_pacotes_ainda_nao_decisorio,pagamento_obrigatorio_no_dia,comparador_de_pacotes_ainda_nao_decisorio,pacote_nao_materializado_por_restricao_da_etapa,,,,ok,n/d,1,3,1,n/d,0,1
2027-01-20,pay_only,motor_nativo_dry_run,estado_0075,2,7898.36,0,0,0,0,0,0,78,0,0,0,390,0,1,1,1,1,pay_only,pay_only,n/d,n/d,n/d,n/d,n/d,,,,ok,n/d,1,3,1,construido_dry_run_nao_decisorio,1,0
2027-01-20,switch_then_pay,motor_nativo_dry_run,estado_0075,2,7898.36,0,0,0,0,0,0,78,0,0,0,390,0,1,1,0,0,pay_only,pay_only,n/d,n/d,shadow_sem_mapeamento_diario,comparador_de_pacotes_ainda_nao_decisorio,shadow_sem_mapeamento_diario,,,,ok,n/d,1,3,1,construido_dry_run_nao_decisorio,1,1
2027-01-20,pay_then_switch,motor_nativo_dry_run,estado_0075,2,7898.36,0,0,0,0,0,0,78,0,0,0,390,0,1,1,0,0,pay_only,pay_only,n/d,n/d,shadow_sem_mapeamento_diario,comparador_de_pacotes_ainda_nao_decisorio,shadow_sem_mapeamento_diario,,,,ok,n/d,1,3,1,construido_dry_run_nao_decisorio,1,1
2027-02-02,no_action,fora_janela_do_dia,estado_0076,1,1800.0,0,0,0,0,0,0,78,0,0,0,390,0,0,0,0,0,pay_only,pay_only,pagamento_obrigatorio_no_dia,comparador_de_pacotes_ainda_nao_decisorio,pagamento_obrigatorio_no_dia,comparador_de_pacotes_ainda_nao_decisorio,pacote_nao_materializado_por_restricao_da_etapa,,,,sem_saldo_temporal_auditavel,saldo_temporal_insuficiente_cumulativo,0,1,0,n/d,0,0
2027-02-02,switch_only,fora_janela_do_dia,estado_0076,1,1800.0,0,0,0,0,0,0,78,0,0,0,390,0,0,0,0,0,pay_only,pay_only,pagamento_obrigatorio_no_dia,comparador_de_pacotes_ainda_nao_decisorio,pagamento_obrigatorio_no_dia,comparador_de_pacotes_ainda_nao_decisorio,pacote_nao_materializado_por_restricao_da_etapa,,,,sem_saldo_temporal_auditavel,saldo_temporal_insuficiente_cumulativo,0,1,0,n/d,0,1
2027-02-02,pay_only,motor_nativo_dry_run,estado_0076,1,1800.0,0,0,0,0,0,0,78,0,0,0,390,0,1,1,1,1,pay_only,pay_only,n/d,n/d,n/d,n/d,n/d,,,,sem_saldo_temporal_auditavel,saldo_temporal_insuficiente_cumulativo,0,1,0,construido_dry_run_nao_decisorio,1,0
2027-02-02,switch_then_pay,motor_nativo_dry_run,estado_0076,1,1800.0,0,0,0,0,0,0,78,0,0,0,390,0,1,1,0,0,pay_only,pay_only,n/d,n/d,shadow_sem_mapeamento_diario,comparador_de_pacotes_ainda_nao_decisorio,shadow_sem_mapeamento_diario,,,,sem_saldo_temporal_auditavel,saldo_temporal_insuficiente_cumulativo,0,1,0,construido_dry_run_nao_decisorio,1,1
2027-02-02,pay_then_switch,motor_nativo_dry_run,estado_0076,1,1800.0,0,0,0,0,0,0,78,0,0,0,390,0,1,1,0,0,pay_only,pay_only,n/d,n/d,shadow_sem_mapeamento_diario,comparador_de_pacotes_ainda_nao_decisorio,shadow_sem_mapeamento_diario,,,,sem_saldo_temporal_auditavel,saldo_temporal_insuficiente_cumulativo,0,1,0,construido_dry_run_nao_decisorio,1,1
2027-02-04,no_action,fora_janela_do_dia,estado_0077,2,1145.05,0,0,0,0,0,0,78,0,0,0,390,0,0,0,0,0,pay_only,pay_only,pagamento_obrigatorio_no_dia,comparador_de_pacotes_ainda_nao_decisorio,pagamento_obrigatorio_no_dia,comparador_de_pacotes_ainda_nao_decisorio,pacote_nao_materializado_por_restricao_da_etapa,,,,sem_saldo_temporal_auditavel,saldo_temporal_insuficiente_cumulativo,0,2,0,n/d,0,0
2027-02-04,switch_only,fora_janela_do_dia,estado_0077,2,1145.05,0,0,0,0,0,0,78,0,0,0,390,0,0,0,0,0,pay_only,pay_only,pagamento_obrigatorio_no_dia,comparador_de_pacotes_ainda_nao_decisorio,pagamento_obrigatorio_no_dia,comparador_de_pacotes_ainda_nao_decisorio,pacote_nao_materializado_por_restricao_da_etapa,,,,sem_saldo_temporal_auditavel,saldo_temporal_insuficiente_cumulativo,0,2,0,n/d,0,1
2027-02-04,pay_only,motor_nativo_dry_run,estado_0077,2,1145.05,0,0,0,0,0,0,78,0,0,0,390,0,1,1,1,1,pay_only,pay_only,n/d,n/d,n/d,n/d,n/d,,,,sem_saldo_temporal_auditavel,saldo_temporal_insuficiente_cumulativo,0,2,0,construido_dry_run_nao_decisorio,1,0
2027-02-04,switch_then_pay,motor_nativo_dry_run,estado_0077,2,1145.05,0,0,0,0,0,0,78,0,0,0,390,0,1,1,0,0,pay_only,pay_only,n/d,n/d,shadow_sem_mapeamento_diario,comparador_de_pacotes_ainda_nao_decisorio,shadow_sem_mapeamento_diario,,,,sem_saldo_temporal_auditavel,saldo_temporal_insuficiente_cumulativo,0,2,0,construido_dry_run_nao_decisorio,1,1
2027-02-04,pay_then_switch,motor_nativo_dry_run,estado_0077,2,1145.05,0,0,0,0,0,0,78,0,0,0,390,0,1,1,0,0,pay_only,pay_only,n/d,n/d,shadow_sem_mapeamento_diario,comparador_de_pacotes_ainda_nao_decisorio,shadow_sem_mapeamento_diario,,,,sem_saldo_temporal_auditavel,saldo_temporal_insuficiente_cumulativo,0,2,0,construido_dry_run_nao_decisorio,1,1
2027-02-08,no_action,fora_janela_do_dia,estado_0078,1,120.0,0,0,0,0,0,0,78,0,0,0,390,0,0,0,0,0,pay_only,pay_only,pagamento_obrigatorio_no_dia,comparador_de_pacotes_ainda_nao_decisorio,pagamento_obrigatorio_no_dia,comparador_de_pacotes_ainda_nao_decisorio,pacote_nao_materializado_por_restricao_da_etapa,,,,sem_saldo_temporal_auditavel,saldo_temporal_insuficiente_cumulativo,0,1,0,n/d,0,0
2027-02-08,switch_only,fora_janela_do_dia,estado_0078,1,120.0,0,0,0,0,0,0,78,0,0,0,390,0,0,0,0,0,pay_only,pay_only,pagamento_obrigatorio_no_dia,comparador_de_pacotes_ainda_nao_decisorio,pagamento_obrigatorio_no_dia,comparador_de_pacotes_ainda_nao_decisorio,pacote_nao_materializado_por_restricao_da_etapa,,,,sem_saldo_temporal_auditavel,saldo_temporal_insuficiente_cumulativo,0,1,0,n/d,0,1
2027-02-08,pay_only,motor_nativo_dry_run,estado_0078,1,120.0,0,0,0,0,0,0,78,0,0,0,390,0,1,1,1,1,pay_only,pay_only,n/d,n/d,n/d,n/d,n/d,,,,sem_saldo_temporal_auditavel,saldo_temporal_insuficiente_cumulativo,0,1,0,construido_dry_run_nao_decisorio,1,0
2027-02-08,switch_then_pay,motor_nativo_dry_run,estado_0078,1,120.0,0,0,0,0,0,0,78,0,0,0,390,0,1,1,0,0,pay_only,pay_only,n/d,n/d,shadow_sem_mapeamento_diario,comparador_de_pacotes_ainda_nao_decisorio,shadow_sem_mapeamento_diario,,,,sem_saldo_temporal_auditavel,saldo_temporal_insuficiente_cumulativo,0,1,0,construido_dry_run_nao_decisorio,1,1
2027-02-08,pay_then_switch,motor_nativo_dry_run,estado_0078,1,120.0,0,0,0,0,0,0,78,0,0,0,390,0,1,1,0,0,pay_only,pay_only,n/d,n/d,shadow_sem_mapeamento_diario,comparador_de_pacotes_ainda_nao_decisorio,shadow_sem_mapeamento_diario,,,,sem_saldo_temporal_auditavel,saldo_temporal_insuficiente_cumulativo,0,1,0,construido_dry_run_nao_decisorio,1,1
2027-02-10,no_action,fora_janela_do_dia,estado_0079,3,645.0,0,0,0,0,0,0,78,0,0,0,390,0,0,0,0,0,pay_only,pay_only,pagamento_obrigatorio_no_dia,comparador_de_pacotes_ainda_nao_decisorio,pagamento_obrigatorio_no_dia,comparador_de_pacotes_ainda_nao_decisorio,pacote_nao_materializado_por_restricao_da_etapa,,,,sem_saldo_temporal_auditavel,saldo_temporal_insuficiente_cumulativo,0,3,0,n/d,0,0
2027-02-10,switch_only,fora_janela_do_dia,estado_0079,3,645.0,0,0,0,0,0,0,78,0,0,0,390,0,0,0,0,0,pay_only,pay_only,pagamento_obrigatorio_no_dia,comparador_de_pacotes_ainda_nao_decisorio,pagamento_obrigatorio_no_dia,comparador_de_pacotes_ainda_nao_decisorio,pacote_nao_materializado_por_restricao_da_etapa,,,,sem_saldo_temporal_auditavel,saldo_temporal_insuficiente_cumulativo,0,3,0,n/d,0,1
2027-02-10,pay_only,motor_nativo_dry_run,estado_0079,3,645.0,0,0,0,0,0,0,78,0,0,0,390,0,1,1,1,1,pay_only,pay_only,n/d,n/d,n/d,n/d,n/d,,,,sem_saldo_temporal_auditavel,saldo_temporal_insuficiente_cumulativo,0,3,0,construido_dry_run_nao_decisorio,1,0
2027-02-10,switch_then_pay,motor_nativo_dry_run,estado_0079,3,645.0,0,0,0,0,0,0,78,0,0,0,390,0,1,1,0,0,pay_only,pay_only,n/d,n/d,shadow_sem_mapeamento_diario,comparador_de_pacotes_ainda_nao_decisorio,shadow_sem_mapeamento_diario,,,,sem_saldo_temporal_auditavel,saldo_temporal_insuficiente_cumulativo,0,3,0,construido_dry_run_nao_decisorio,1,1
2027-02-10,pay_then_switch,motor_nativo_dry_run,estado_0079,3,645.0,0,0,0,0,0,0,78,0,0,0,390,0,1,1,0,0,pay_only,pay_only,n/d,n/d,shadow_sem_mapeamento_diario,comparador_de_pacotes_ainda_nao_decisorio,shadow_sem_mapeamento_diario,,,,sem_saldo_temporal_auditavel,saldo_temporal_insuficiente_cumulativo,0,3,0,construido_dry_run_nao_decisorio,1,1
2027-02-11,no_action,fora_janela_do_dia,estado_0080,1,95.12,0,0,0,0,0,0,78,0,0,0,390,0,0,0,0,0,pay_only,pay_only,pagamento_obrigatorio_no_dia,comparador_de_pacotes_ainda_nao_decisorio,pagamento_obrigatorio_no_dia,comparador_de_pacotes_ainda_nao_decisorio,pacote_nao_materializado_por_restricao_da_etapa,,,,sem_saldo_temporal_auditavel,saldo_temporal_insuficiente_cumulativo,0,1,0,n/d,0,0
2027-02-11,switch_only,fora_janela_do_dia,estado_0080,1,95.12,0,0,0,0,0,0,78,0,0,0,390,0,0,0,0,0,pay_only,pay_only,pagamento_obrigatorio_no_dia,comparador_de_pacotes_ainda_nao_decisorio,pagamento_obrigatorio_no_dia,comparador_de_pacotes_ainda_nao_decisorio,pacote_nao_materializado_por_restricao_da_etapa,,,,sem_saldo_temporal_auditavel,saldo_temporal_insuficiente_cumulativo,0,1,0,n/d,0,1
2027-02-11,pay_only,motor_nativo_dry_run,estado_0080,1,95.12,0,0,0,0,0,0,78,0,0,0,390,0,1,1,1,1,pay_only,pay_only,n/d,n/d,n/d,n/d,n/d,,,,sem_saldo_temporal_auditavel,saldo_temporal_insuficiente_cumulativo,0,1,0,construido_dry_run_nao_decisorio,1,0
2027-02-11,switch_then_pay,motor_nativo_dry_run,estado_0080,1,95.12,0,0,0,0,0,0,78,0,0,0,390,0,1,1,0,0,pay_only,pay_only,n/d,n/d,shadow_sem_mapeamento_diario,comparador_de_pacotes_ainda_nao_decisorio,shadow_sem_mapeamento_diario,,,,sem_saldo_temporal_auditavel,saldo_temporal_insuficiente_cumulativo,0,1,0,construido_dry_run_nao_decisorio,1,1
2027-02-11,pay_then_switch,motor_nativo_dry_run,estado_0080,1,95.12,0,0,0,0,0,0,78,0,0,0,390,0,1,1,0,0,pay_only,pay_only,n/d,n/d,shadow_sem_mapeamento_diario,comparador_de_pacotes_ainda_nao_decisorio,shadow_sem_mapeamento_diario,,,,sem_saldo_temporal_auditavel,saldo_temporal_insuficiente_cumulativo,0,1,0,construido_dry_run_nao_decisorio,1,1
2027-02-12,no_action,fora_janela_do_dia,estado_0081,2,2389.6,0,0,0,0,0,0,78,0,0,0,390,0,0,0,0,0,pay_only,pay_only,pagamento_obrigatorio_no_dia,comparador_de_pacotes_ainda_nao_decisorio,pagamento_obrigatorio_no_dia,comparador_de_pacotes_ainda_nao_decisorio,pacote_nao_materializado_por_restricao_da_etapa,,,,sem_saldo_temporal_auditavel,saldo_temporal_insuficiente_cumulativo,0,2,0,n/d,0,0
2027-02-12,switch_only,fora_janela_do_dia,estado_0081,2,2389.6,0,0,0,0,0,0,78,0,0,0,390,0,0,0,0,0,pay_only,pay_only,pagamento_obrigatorio_no_dia,comparador_de_pacotes_ainda_nao_decisorio,pagamento_obrigatorio_no_dia,comparador_de_pacotes_ainda_nao_decisorio,pacote_nao_materializado_por_restricao_da_etapa,,,,sem_saldo_temporal_auditavel,saldo_temporal_insuficiente_cumulativo,0,2,0,n/d,0,1
2027-02-12,pay_only,motor_nativo_dry_run,estado_0081,2,2389.6,0,0,0,0,0,0,78,0,0,0,390,0,1,1,1,1,pay_only,pay_only,n/d,n/d,n/d,n/d,n/d,,,,sem_saldo_temporal_auditavel,saldo_temporal_insuficiente_cumulativo,0,2,0,construido_dry_run_nao_decisorio,1,0
2027-02-12,switch_then_pay,motor_nativo_dry_run,estado_0081,2,2389.6,0,0,0,0,0,0,78,0,0,0,390,0,1,1,0,0,pay_only,pay_only,n/d,n/d,shadow_sem_mapeamento_diario,comparador_de_pacotes_ainda_nao_decisorio,shadow_sem_mapeamento_diario,,,,sem_saldo_temporal_auditavel,saldo_temporal_insuficiente_cumulativo,0,2,0,construido_dry_run_nao_decisorio,1,1
2027-02-12,pay_then_switch,motor_nativo_dry_run,estado_0081,2,2389.6,0,0,0,0,0,0,78,0,0,0,390,0,1,1,0,0,pay_only,pay_only,n/d,n/d,shadow_sem_mapeamento_diario,comparador_de_pacotes_ainda_nao_decisorio,shadow_sem_mapeamento_diario,,,,sem_saldo_temporal_auditavel,saldo_temporal_insuficiente_cumulativo,0,2,0,construido_dry_run_nao_decisorio,1,1
2027-02-15,no_action,fora_janela_do_dia,estado_0082,1,132.4,0,0,0,0,0,0,78,0,0,0,390,0,0,0,0,0,pay_only,pay_only,pagamento_obrigatorio_no_dia,comparador_de_pacotes_ainda_nao_decisorio,pagamento_obrigatorio_no_dia,comparador_de_pacotes_ainda_nao_decisorio,pacote_nao_materializado_por_restricao_da_etapa,,,,sem_saldo_temporal_auditavel,saldo_temporal_insuficiente_cumulativo,0,1,0,n/d,0,0
2027-02-15,switch_only,fora_janela_do_dia,estado_0082,1,132.4,0,0,0,0,0,0,78,0,0,0,390,0,0,0,0,0,pay_only,pay_only,pagamento_obrigatorio_no_dia,comparador_de_pacotes_ainda_nao_decisorio,pagamento_obrigatorio_no_dia,comparador_de_pacotes_ainda_nao_decisorio,pacote_nao_materializado_por_restricao_da_etapa,,,,sem_saldo_temporal_auditavel,saldo_temporal_insuficiente_cumulativo,0,1,0,n/d,0,1
2027-02-15,pay_only,motor_nativo_dry_run,estado_0082,1,132.4,0,0,0,0,0,0,78,0,0,0,390,0,1,1,1,1,pay_only,pay_only,n/d,n/d,n/d,n/d,n/d,,,,sem_saldo_temporal_auditavel,saldo_temporal_insuficiente_cumulativo,0,1,0,construido_dry_run_nao_decisorio,1,0
2027-02-15,switch_then_pay,motor_nativo_dry_run,estado_0082,1,132.4,0,0,0,0,0,0,78,0,0,0,390,0,1,1,0,0,pay_only,pay_only,n/d,n/d,shadow_sem_mapeamento_diario,comparador_de_pacotes_ainda_nao_decisorio,shadow_sem_mapeamento_diario,,,,sem_saldo_temporal_auditavel,saldo_temporal_insuficiente_cumulativo,0,1,0,construido_dry_run_nao_decisorio,1,1
2027-02-15,pay_then_switch,motor_nativo_dry_run,estado_0082,1,132.4,0,0,0,0,0,0,78,0,0,0,390,0,1,1,0,0,pay_only,pay_only,n/d,n/d,shadow_sem_mapeamento_diario,comparador_de_pacotes_ainda_nao_decisorio,shadow_sem_mapeamento_diario,,,,sem_saldo_temporal_auditavel,saldo_temporal_insuficiente_cumulativo,0,1,0,construido_dry_run_nao_decisorio,1,1
2027-02-19,no_action,fora_janela_do_dia,estado_0083,4,9408.78,0,0,0,0,0,0,78,0,0,0,390,0,0,0,0,0,pay_only,pay_only,pagamento_obrigatorio_no_dia,comparador_de_pacotes_ainda_nao_decisorio,pagamento_obrigatorio_no_dia,comparador_de_pacotes_ainda_nao_decisorio,pacote_nao_materializado_por_restricao_da_etapa,,,,ok,n/d,1,6,2,n/d,0,0
2027-02-19,switch_only,fora_janela_do_dia,estado_0083,4,9408.78,0,0,0,0,0,0,78,0,0,0,390,0,0,0,0,0,pay_only,pay_only,pagamento_obrigatorio_no_dia,comparador_de_pacotes_ainda_nao_decisorio,pagamento_obrigatorio_no_dia,comparador_de_pacotes_ainda_nao_decisorio,pacote_nao_materializado_por_restricao_da_etapa,,,,ok,n/d,1,6,2,n/d,0,1
2027-02-19,pay_only,motor_nativo_dry_run,estado_0083,4,9408.78,0,0,0,0,0,0,78,0,0,0,390,0,1,1,1,1,pay_only,pay_only,n/d,n/d,n/d,n/d,n/d,,,,ok,n/d,1,6,2,construido_dry_run_nao_decisorio,1,0
2027-02-19,switch_then_pay,motor_nativo_dry_run,estado_0083,4,9408.78,0,0,0,0,0,0,78,0,0,0,390,0,1,1,0,0,pay_only,pay_only,n/d,n/d,shadow_sem_mapeamento_diario,comparador_de_pacotes_ainda_nao_decisorio,shadow_sem_mapeamento_diario,,,,ok,n/d,1,6,2,construido_dry_run_nao_decisorio,1,1
2027-02-19,pay_then_switch,motor_nativo_dry_run,estado_0083,4,9408.78,0,0,0,0,0,0,78,0,0,0,390,0,1,1,0,0,pay_only,pay_only,n/d,n/d,shadow_sem_mapeamento_diario,comparador_de_pacotes_ainda_nao_decisorio,shadow_sem_mapeamento_diario,,,,ok,n/d,1,6,2,construido_dry_run_nao_decisorio,1,1
2027-03-02,no_action,fora_janela_do_dia,estado_0084,1,1771.95,0,0,0,0,0,0,78,0,0,0,390,0,0,0,0,0,pay_only,pay_only,pagamento_obrigatorio_no_dia,comparador_de_pacotes_ainda_nao_decisorio,pagamento_obrigatorio_no_dia,comparador_de_pacotes_ainda_nao_decisorio,pacote_nao_materializado_por_restricao_da_etapa,,,,sem_saldo_temporal_auditavel,saldo_temporal_insuficiente_cumulativo,0,1,0,n/d,0,0
2027-03-02,switch_only,fora_janela_do_dia,estado_0084,1,1771.95,0,0,0,0,0,0,78,0,0,0,390,0,0,0,0,0,pay_only,pay_only,pagamento_obrigatorio_no_dia,comparador_de_pacotes_ainda_nao_decisorio,pagamento_obrigatorio_no_dia,comparador_de_pacotes_ainda_nao_decisorio,pacote_nao_materializado_por_restricao_da_etapa,,,,sem_saldo_temporal_auditavel,saldo_temporal_insuficiente_cumulativo,0,1,0,n/d,0,1
2027-03-02,pay_only,motor_nativo_dry_run,estado_0084,1,1771.95,0,0,0,0,0,0,78,0,0,0,390,0,1,1,1,1,pay_only,pay_only,n/d,n/d,n/d,n/d,n/d,,,,sem_saldo_temporal_auditavel,saldo_temporal_insuficiente_cumulativo,0,1,0,construido_dry_run_nao_decisorio,1,0
2027-03-02,switch_then_pay,motor_nativo_dry_run,estado_0084,1,1771.95,0,0,0,0,0,0,78,0,0,0,390,0,1,1,0,0,pay_only,pay_only,n/d,n/d,shadow_sem_mapeamento_diario,comparador_de_pacotes_ainda_nao_decisorio,shadow_sem_mapeamento_diario,,,,sem_saldo_temporal_auditavel,saldo_temporal_insuficiente_cumulativo,0,1,0,construido_dry_run_nao_decisorio,1,1
2027-03-02,pay_then_switch,motor_nativo_dry_run,estado_0084,1,1771.95,0,0,0,0,0,0,78,0,0,0,390,0,1,1,0,0,pay_only,pay_only,n/d,n/d,shadow_sem_mapeamento_diario,comparador_de_pacotes_ainda_nao_decisorio,shadow_sem_mapeamento_diario,,,,sem_saldo_temporal_auditavel,saldo_temporal_insuficiente_cumulativo,0,1,0,construido_dry_run_nao_decisorio,1,1
2027-03-05,no_action,fora_janela_do_dia,estado_0085,2,206.69,0,0,0,0,0,0,78,0,0,0,390,0,0,0,0,0,pay_only,pay_only,pagamento_obrigatorio_no_dia,comparador_de_pacotes_ainda_nao_decisorio,pagamento_obrigatorio_no_dia,comparador_de_pacotes_ainda_nao_decisorio,pacote_nao_materializado_por_restricao_da_etapa,,,,sem_saldo_temporal_auditavel,saldo_temporal_insuficiente_cumulativo,0,2,0,n/d,0,0
2027-03-05,switch_only,fora_janela_do_dia,estado_0085,2,206.69,0,0,0,0,0,0,78,0,0,0,390,0,0,0,0,0,pay_only,pay_only,pagamento_obrigatorio_no_dia,comparador_de_pacotes_ainda_nao_decisorio,pagamento_obrigatorio_no_dia,comparador_de_pacotes_ainda_nao_decisorio,pacote_nao_materializado_por_restricao_da_etapa,,,,sem_saldo_temporal_auditavel,saldo_temporal_insuficiente_cumulativo,0,2,0,n/d,0,1
2027-03-05,pay_only,motor_nativo_dry_run,estado_0085,2,206.69,0,0,0,0,0,0,78,0,0,0,390,0,1,1,1,1,pay_only,pay_only,n/d,n/d,n/d,n/d,n/d,,,,sem_saldo_temporal_auditavel,saldo_temporal_insuficiente_cumulativo,0,2,0,construido_dry_run_nao_decisorio,1,0
2027-03-05,switch_then_pay,motor_nativo_dry_run,estado_0085,2,206.69,0,0,0,0,0,0,78,0,0,0,390,0,1,1,0,0,pay_only,pay_only,n/d,n/d,shadow_sem_mapeamento_diario,comparador_de_pacotes_ainda_nao_decisorio,shadow_sem_mapeamento_diario,,,,sem_saldo_temporal_auditavel,saldo_temporal_insuficiente_cumulativo,0,2,0,construido_dry_run_nao_decisorio,1,1
2027-03-05,pay_then_switch,motor_nativo_dry_run,estado_0085,2,206.69,0,0,0,0,0,0,78,0,0,0,390,0,1,1,0,0,pay_only,pay_only,n/d,n/d,shadow_sem_mapeamento_diario,comparador_de_pacotes_ainda_nao_decisorio,shadow_sem_mapeamento_diario,,,,sem_saldo_temporal_auditavel,saldo_temporal_insuficiente_cumulativo,0,2,0,construido_dry_run_nao_decisorio,1,1
2027-03-06,no_action,fora_janela_do_dia,estado_0086,2,936.15,0,0,0,0,0,0,78,0,0,0,390,0,0,0,0,0,pay_only,pay_only,pagamento_obrigatorio_no_dia,comparador_de_pacotes_ainda_nao_decisorio,pagamento_obrigatorio_no_dia,comparador_de_pacotes_ainda_nao_decisorio,pacote_nao_materializado_por_restricao_da_etapa,,,,sem_saldo_temporal_auditavel,saldo_temporal_insuficiente_cumulativo,0,2,0,n/d,0,0
2027-03-06,switch_only,fora_janela_do_dia,estado_0086,2,936.15,0,0,0,0,0,0,78,0,0,0,390,0,0,0,0,0,pay_only,pay_only,pagamento_obrigatorio_no_dia,comparador_de_pacotes_ainda_nao_decisorio,pagamento_obrigatorio_no_dia,comparador_de_pacotes_ainda_nao_decisorio,pacote_nao_materializado_por_restricao_da_etapa,,,,sem_saldo_temporal_auditavel,saldo_temporal_insuficiente_cumulativo,0,2,0,n/d,0,1
2027-03-06,pay_only,motor_nativo_dry_run,estado_0086,2,936.15,0,0,0,0,0,0,78,0,0,0,390,0,1,1,1,1,pay_only,pay_only,n/d,n/d,n/d,n/d,n/d,,,,sem_saldo_temporal_auditavel,saldo_temporal_insuficiente_cumulativo,0,2,0,construido_dry_run_nao_decisorio,1,0
2027-03-06,switch_then_pay,motor_nativo_dry_run,estado_0086,2,936.15,0,0,0,0,0,0,78,0,0,0,390,0,1,1,0,0,pay_only,pay_only,n/d,n/d,shadow_sem_mapeamento_diario,comparador_de_pacotes_ainda_nao_decisorio,shadow_sem_mapeamento_diario,,,,sem_saldo_temporal_auditavel,saldo_temporal_insuficiente_cumulativo,0,2,0,construido_dry_run_nao_decisorio,1,1
2027-03-06,pay_then_switch,motor_nativo_dry_run,estado_0086,2,936.15,0,0,0,0,0,0,78,0,0,0,390,0,1,1,0,0,pay_only,pay_only,n/d,n/d,shadow_sem_mapeamento_diario,comparador_de_pacotes_ainda_nao_decisorio,shadow_sem_mapeamento_diario,,,,sem_saldo_temporal_auditavel,saldo_temporal_insuficiente_cumulativo,0,2,0,construido_dry_run_nao_decisorio,1,1
2027-03-09,no_action,fora_janela_do_dia,estado_0087,1,57.89,0,0,0,0,0,0,78,0,0,0,390,0,0,0,0,0,pay_only,pay_only,pagamento_obrigatorio_no_dia,comparador_de_pacotes_ainda_nao_decisorio,pagamento_obrigatorio_no_dia,comparador_de_pacotes_ainda_nao_decisorio,pacote_nao_materializado_por_restricao_da_etapa,,,,sem_saldo_temporal_auditavel,saldo_temporal_insuficiente_cumulativo,0,1,0,n/d,0,0
2027-03-09,switch_only,fora_janela_do_dia,estado_0087,1,57.89,0,0,0,0,0,0,78,0,0,0,390,0,0,0,0,0,pay_only,pay_only,pagamento_obrigatorio_no_dia,comparador_de_pacotes_ainda_nao_decisorio,pagamento_obrigatorio_no_dia,comparador_de_pacotes_ainda_nao_decisorio,pacote_nao_materializado_por_restricao_da_etapa,,,,sem_saldo_temporal_auditavel,saldo_temporal_insuficiente_cumulativo,0,1,0,n/d,0,1
2027-03-09,pay_only,motor_nativo_dry_run,estado_0087,1,57.89,0,0,0,0,0,0,78,0,0,0,390,0,1,1,1,1,pay_only,pay_only,n/d,n/d,n/d,n/d,n/d,,,,sem_saldo_temporal_auditavel,saldo_temporal_insuficiente_cumulativo,0,1,0,construido_dry_run_nao_decisorio,1,0
2027-03-09,switch_then_pay,motor_nativo_dry_run,estado_0087,1,57.89,0,0,0,0,0,0,78,0,0,0,390,0,1,1,0,0,pay_only,pay_only,n/d,n/d,shadow_sem_mapeamento_diario,comparador_de_pacotes_ainda_nao_decisorio,shadow_sem_mapeamento_diario,,,,sem_saldo_temporal_auditavel,saldo_temporal_insuficiente_cumulativo,0,1,0,construido_dry_run_nao_decisorio,1,1
2027-03-09,pay_then_switch,motor_nativo_dry_run,estado_0087,1,57.89,0,0,0,0,0,0,78,0,0,0,390,0,1,1,0,0,pay_only,pay_only,n/d,n/d,shadow_sem_mapeamento_diario,comparador_de_pacotes_ainda_nao_decisorio,shadow_sem_mapeamento_diario,,,,sem_saldo_temporal_auditavel,saldo_temporal_insuficiente_cumulativo,0,1,0,construido_dry_run_nao_decisorio,1,1
2027-03-10,no_action,fora_janela_do_dia,estado_0088,2,1401.73,0,0,0,0,0,0,78,0,0,0,390,0,0,0,0,0,pay_only,pay_only,pagamento_obrigatorio_no_dia,comparador_de_pacotes_ainda_nao_decisorio,pagamento_obrigatorio_no_dia,comparador_de_pacotes_ainda_nao_decisorio,pacote_nao_materializado_por_restricao_da_etapa,,,,sem_saldo_temporal_auditavel,saldo_temporal_insuficiente_cumulativo,0,2,0,n/d,0,0
2027-03-10,switch_only,fora_janela_do_dia,estado_0088,2,1401.73,0,0,0,0,0,0,78,0,0,0,390,0,0,0,0,0,pay_only,pay_only,pagamento_obrigatorio_no_dia,comparador_de_pacotes_ainda_nao_decisorio,pagamento_obrigatorio_no_dia,comparador_de_pacotes_ainda_nao_decisorio,pacote_nao_materializado_por_restricao_da_etapa,,,,sem_saldo_temporal_auditavel,saldo_temporal_insuficiente_cumulativo,0,2,0,n/d,0,1
2027-03-10,pay_only,motor_nativo_dry_run,estado_0088,2,1401.73,0,0,0,0,0,0,78,0,0,0,390,0,1,1,1,1,pay_only,pay_only,n/d,n/d,n/d,n/d,n/d,,,,sem_saldo_temporal_auditavel,saldo_temporal_insuficiente_cumulativo,0,2,0,construido_dry_run_nao_decisorio,1,0
2027-03-10,switch_then_pay,motor_nativo_dry_run,estado_0088,2,1401.73,0,0,0,0,0,0,78,0,0,0,390,0,1,1,0,0,pay_only,pay_only,n/d,n/d,shadow_sem_mapeamento_diario,comparador_de_pacotes_ainda_nao_decisorio,shadow_sem_mapeamento_diario,,,,sem_saldo_temporal_auditavel,saldo_temporal_insuficiente_cumulativo,0,2,0,construido_dry_run_nao_decisorio,1,1
2027-03-10,pay_then_switch,motor_nativo_dry_run,estado_0088,2,1401.73,0,0,0,0,0,0,78,0,0,0,390,0,1,1,0,0,pay_only,pay_only,n/d,n/d,shadow_sem_mapeamento_diario,comparador_de_pacotes_ainda_nao_decisorio,shadow_sem_mapeamento_diario,,,,sem_saldo_temporal_auditavel,saldo_temporal_insuficiente_cumulativo,0,2,0,construido_dry_run_nao_decisorio,1,1
2027-03-11,no_action,fora_janela_do_dia,estado_0089,2,136.15,0,0,0,0,0,0,78,0,0,0,390,0,0,0,0,0,pay_only,pay_only,pagamento_obrigatorio_no_dia,comparador_de_pacotes_ainda_nao_decisorio,pagamento_obrigatorio_no_dia,comparador_de_pacotes_ainda_nao_decisorio,pacote_nao_materializado_por_restricao_da_etapa,,,,sem_saldo_temporal_auditavel,saldo_temporal_insuficiente_cumulativo,0,2,0,n/d,0,0
2027-03-11,switch_only,fora_janela_do_dia,estado_0089,2,136.15,0,0,0,0,0,0,78,0,0,0,390,0,0,0,0,0,pay_only,pay_only,pagamento_obrigatorio_no_dia,comparador_de_pacotes_ainda_nao_decisorio,pagamento_obrigatorio_no_dia,comparador_de_pacotes_ainda_nao_decisorio,pacote_nao_materializado_por_restricao_da_etapa,,,,sem_saldo_temporal_auditavel,saldo_temporal_insuficiente_cumulativo,0,2,0,n/d,0,1
2027-03-11,pay_only,motor_nativo_dry_run,estado_0089,2,136.15,0,0,0,0,0,0,78,0,0,0,390,0,1,1,1,1,pay_only,pay_only,n/d,n/d,n/d,n/d,n/d,,,,sem_saldo_temporal_auditavel,saldo_temporal_insuficiente_cumulativo,0,2,0,construido_dry_run_nao_decisorio,1,0
2027-03-11,switch_then_pay,motor_nativo_dry_run,estado_0089,2,136.15,0,0,0,0,0,0,78,0,0,0,390,0,1,1,0,0,pay_only,pay_only,n/d,n/d,shadow_sem_mapeamento_diario,comparador_de_pacotes_ainda_nao_decisorio,shadow_sem_mapeamento_diario,,,,sem_saldo_temporal_auditavel,saldo_temporal_insuficiente_cumulativo,0,2,0,construido_dry_run_nao_decisorio,1,1
2027-03-11,pay_then_switch,motor_nativo_dry_run,estado_0089,2,136.15,0,0,0,0,0,0,78,0,0,0,390,0,1,1,0,0,pay_only,pay_only,n/d,n/d,shadow_sem_mapeamento_diario,comparador_de_pacotes_ainda_nao_decisorio,shadow_sem_mapeamento_diario,,,,sem_saldo_temporal_auditavel,saldo_temporal_insuficiente_cumulativo,0,2,0,construido_dry_run_nao_decisorio,1,1
2027-03-12,no_action,fora_janela_do_dia,estado_0090,2,3812.62,0,0,0,0,0,0,78,0,0,0,390,0,0,0,0,0,pay_only,pay_only,pagamento_obrigatorio_no_dia,comparador_de_pacotes_ainda_nao_decisorio,pagamento_obrigatorio_no_dia,comparador_de_pacotes_ainda_nao_decisorio,pacote_nao_materializado_por_restricao_da_etapa,,,,sem_saldo_temporal_auditavel,saldo_temporal_insuficiente_cumulativo,0,2,0,n/d,0,0
2027-03-12,switch_only,fora_janela_do_dia,estado_0090,2,3812.62,0,0,0,0,0,0,78,0,0,0,390,0,0,0,0,0,pay_only,pay_only,pagamento_obrigatorio_no_dia,comparador_de_pacotes_ainda_nao_decisorio,pagamento_obrigatorio_no_dia,comparador_de_pacotes_ainda_nao_decisorio,pacote_nao_materializado_por_restricao_da_etapa,,,,sem_saldo_temporal_auditavel,saldo_temporal_insuficiente_cumulativo,0,2,0,n/d,0,1
2027-03-12,pay_only,motor_nativo_dry_run,estado_0090,2,3812.62,0,0,0,0,0,0,78,0,0,0,390,0,1,1,1,1,pay_only,pay_only,n/d,n/d,n/d,n/d,n/d,,,,sem_saldo_temporal_auditavel,saldo_temporal_insuficiente_cumulativo,0,2,0,construido_dry_run_nao_decisorio,1,0
2027-03-12,switch_then_pay,motor_nativo_dry_run,estado_0090,2,3812.62,0,0,0,0,0,0,78,0,0,0,390,0,1,1,0,0,pay_only,pay_only,n/d,n/d,shadow_sem_mapeamento_diario,comparador_de_pacotes_ainda_nao_decisorio,shadow_sem_mapeamento_diario,,,,sem_saldo_temporal_auditavel,saldo_temporal_insuficiente_cumulativo,0,2,0,construido_dry_run_nao_decisorio,1,1
2027-03-12,pay_then_switch,motor_nativo_dry_run,estado_0090,2,3812.62,0,0,0,0,0,0,78,0,0,0,390,0,1,1,0,0,pay_only,pay_only,n/d,n/d,shadow_sem_mapeamento_diario,comparador_de_pacotes_ainda_nao_decisorio,shadow_sem_mapeamento_diario,,,,sem_saldo_temporal_auditavel,saldo_temporal_insuficiente_cumulativo,0,2,0,construido_dry_run_nao_decisorio,1,1
2027-03-16,no_action,fora_janela_do_dia,estado_0091,1,132.4,0,0,0,0,0,0,78,0,0,0,390,0,0,0,0,0,pay_only,pay_only,pagamento_obrigatorio_no_dia,comparador_de_pacotes_ainda_nao_decisorio,pagamento_obrigatorio_no_dia,comparador_de_pacotes_ainda_nao_decisorio,pacote_nao_materializado_por_restricao_da_etapa,,,,sem_saldo_temporal_auditavel,saldo_temporal_insuficiente_cumulativo,0,1,0,n/d,0,0
2027-03-16,switch_only,fora_janela_do_dia,estado_0091,1,132.4,0,0,0,0,0,0,78,0,0,0,390,0,0,0,0,0,pay_only,pay_only,pagamento_obrigatorio_no_dia,comparador_de_pacotes_ainda_nao_decisorio,pagamento_obrigatorio_no_dia,comparador_de_pacotes_ainda_nao_decisorio,pacote_nao_materializado_por_restricao_da_etapa,,,,sem_saldo_temporal_auditavel,saldo_temporal_insuficiente_cumulativo,0,1,0,n/d,0,1
2027-03-16,pay_only,motor_nativo_dry_run,estado_0091,1,132.4,0,0,0,0,0,0,78,0,0,0,390,0,1,1,1,1,pay_only,pay_only,n/d,n/d,n/d,n/d,n/d,,,,sem_saldo_temporal_auditavel,saldo_temporal_insuficiente_cumulativo,0,1,0,construido_dry_run_nao_decisorio,1,0
2027-03-16,switch_then_pay,motor_nativo_dry_run,estado_0091,1,132.4,0,0,0,0,0,0,78,0,0,0,390,0,1,1,0,0,pay_only,pay_only,n/d,n/d,shadow_sem_mapeamento_diario,comparador_de_pacotes_ainda_nao_decisorio,shadow_sem_mapeamento_diario,,,,sem_saldo_temporal_auditavel,saldo_temporal_insuficiente_cumulativo,0,1,0,construido_dry_run_nao_decisorio,1,1
2027-03-16,pay_then_switch,motor_nativo_dry_run,estado_0091,1,132.4,0,0,0,0,0,0,78,0,0,0,390,0,1,1,0,0,pay_only,pay_only,n/d,n/d,shadow_sem_mapeamento_diario,comparador_de_pacotes_ainda_nao_decisorio,shadow_sem_mapeamento_diario,,,,sem_saldo_temporal_auditavel,saldo_temporal_insuficiente_cumulativo,0,1,0,construido_dry_run_nao_decisorio,1,1
2027-03-20,no_action,fora_janela_do_dia,estado_0092,2,7582.39,0,0,0,0,0,0,78,0,0,0,390,0,0,0,0,0,pay_only,pay_only,pagamento_obrigatorio_no_dia,comparador_de_pacotes_ainda_nao_decisorio,pagamento_obrigatorio_no_dia,comparador_de_pacotes_ainda_nao_decisorio,pacote_nao_materializado_por_restricao_da_etapa,,,,ok,n/d,1,3,1,n/d,0,0
2027-03-20,switch_only,fora_janela_do_dia,estado_0092,2,7582.39,0,0,0,0,0,0,78,0,0,0,390,0,0,0,0,0,pay_only,pay_only,pagamento_obrigatorio_no_dia,comparador_de_pacotes_ainda_nao_decisorio,pagamento_obrigatorio_no_dia,comparador_de_pacotes_ainda_nao_decisorio,pacote_nao_materializado_por_restricao_da_etapa,,,,ok,n/d,1,3,1,n/d,0,1
2027-03-20,pay_only,motor_nativo_dry_run,estado_0092,2,7582.39,0,0,0,0,0,0,78,0,0,0,390,0,1,1,1,1,pay_only,pay_only,n/d,n/d,n/d,n/d,n/d,,,,ok,n/d,1,3,1,construido_dry_run_nao_decisorio,1,0
2027-03-20,switch_then_pay,motor_nativo_dry_run,estado_0092,2,7582.39,0,0,0,0,0,0,78,0,0,0,390,0,1,1,0,0,pay_only,pay_only,n/d,n/d,shadow_sem_mapeamento_diario,comparador_de_pacotes_ainda_nao_decisorio,shadow_sem_mapeamento_diario,,,,ok,n/d,1,3,1,construido_dry_run_nao_decisorio,1,1
2027-03-20,pay_then_switch,motor_nativo_dry_run,estado_0092,2,7582.39,0,0,0,0,0,0,78,0,0,0,390,0,1,1,0,0,pay_only,pay_only,n/d,n/d,shadow_sem_mapeamento_diario,comparador_de_pacotes_ainda_nao_decisorio,shadow_sem_mapeamento_diario,,,,ok,n/d,1,3,1,construido_dry_run_nao_decisorio,1,1
2027-03-31,no_action,fora_janela_do_dia,estado_0093,1,35.62,0,0,0,0,0,0,78,0,0,0,390,0,0,0,0,0,pay_only,pay_only,pagamento_obrigatorio_no_dia,comparador_de_pacotes_ainda_nao_decisorio,pagamento_obrigatorio_no_dia,comparador_de_pacotes_ainda_nao_decisorio,pacote_nao_materializado_por_restricao_da_etapa,,,,sem_saldo_temporal_auditavel,saldo_temporal_insuficiente_cumulativo,0,1,0,n/d,0,0
2027-03-31,switch_only,fora_janela_do_dia,estado_0093,1,35.62,0,0,0,0,0,0,78,0,0,0,390,0,0,0,0,0,pay_only,pay_only,pagamento_obrigatorio_no_dia,comparador_de_pacotes_ainda_nao_decisorio,pagamento_obrigatorio_no_dia,comparador_de_pacotes_ainda_nao_decisorio,pacote_nao_materializado_por_restricao_da_etapa,,,,sem_saldo_temporal_auditavel,saldo_temporal_insuficiente_cumulativo,0,1,0,n/d,0,1
2027-03-31,pay_only,motor_nativo_dry_run,estado_0093,1,35.62,0,0,0,0,0,0,78,0,0,0,390,0,1,1,1,1,pay_only,pay_only,n/d,n/d,n/d,n/d,n/d,,,,sem_saldo_temporal_auditavel,saldo_temporal_insuficiente_cumulativo,0,1,0,construido_dry_run_nao_decisorio,1,0
2027-03-31,switch_then_pay,motor_nativo_dry_run,estado_0093,1,35.62,0,0,0,0,0,0,78,0,0,0,390,0,1,1,0,0,pay_only,pay_only,n/d,n/d,shadow_sem_mapeamento_diario,comparador_de_pacotes_ainda_nao_decisorio,shadow_sem_mapeamento_diario,,,,sem_saldo_temporal_auditavel,saldo_temporal_insuficiente_cumulativo,0,1,0,construido_dry_run_nao_decisorio,1,1
2027-03-31,pay_then_switch,motor_nativo_dry_run,estado_0093,1,35.62,0,0,0,0,0,0,78,0,0,0,390,0,1,1,0,0,pay_only,pay_only,n/d,n/d,shadow_sem_mapeamento_diario,comparador_de_pacotes_ainda_nao_decisorio,shadow_sem_mapeamento_diario,,,,sem_saldo_temporal_auditavel,saldo_temporal_insuficiente_cumulativo,0,1,0,construido_dry_run_nao_decisorio,1,1
