data,pacote,candidatos_matriz,candidatos_shadow_total,candidatos_shadow_por_data,candidatos_shadow_por_lote_ativo,candidatos_shadow_bloqueados,candidatos_shadow_promoviveis,top_motivos_shadow,origem_matriz_atual,origem_shadow_real,divergencia,causa_divergencia,acao_recomendada
2026-05-07,no_action,390,390,390,390,151,0,pacote_nao_materializado_por_restricao_da_etapa,ctx.switching_economico_shadow.quadro_oportunidades,ctx.switching_economico_shadow.quadro_oportunidades,False,candidatos_shadow_existentes_mas_sem_promoviveis,usar_motivo_shadow_dominante
2026-05-07,switch_only,390,390,390,390,151,0,pacote_nao_materializado_por_restricao_da_etapa,ctx.switching_economico_shadow.quadro_oportunidades,ctx.switching_economico_shadow.quadro_oportunidades,False,candidatos_shadow_existentes_mas_sem_promoviveis,usar_motivo_shadow_dominante
2026-05-07,pay_only,390,390,390,390,151,0,n/d,ctx.switching_economico_shadow.quadro_oportunidades,ctx.switching_economico_shadow.quadro_oportunidades,False,candidatos_shadow_existentes_mas_sem_promoviveis,usar_motivo_shadow_dominante
2026-05-07,switch_then_pay,390,390,390,390,151,0,,ctx.switching_economico_shadow.quadro_oportunidades,ctx.switching_economico_shadow.quadro_oportunidades,False,candidatos_shadow_existentes_mas_sem_promoviveis,usar_motivo_shadow_dominante
2026-05-07,pay_then_switch,390,390,390,390,151,0,,ctx.switching_economico_shadow.quadro_oportunidades,ctx.switching_economico_shadow.quadro_oportunidades,False,candidatos_shadow_existentes_mas_sem_promoviveis,usar_motivo_shadow_dominante
2026-05-08,no_action,0,390,0,0,0,0,pacote_nao_materializado_por_restricao_da_etapa,ctx.switching_economico_shadow.quadro_oportunidades,ctx.switching_economico_shadow.quadro_oportunidades,True,shadow_por_lote_sem_mapeamento_diario,nao_inflar_contagem_diaria_sem_data
2026-05-08,switch_only,0,390,0,0,0,0,pacote_nao_materializado_por_restricao_da_etapa,ctx.switching_economico_shadow.quadro_oportunidades,ctx.switching_economico_shadow.quadro_oportunidades,True,shadow_por_lote_sem_mapeamento_diario,nao_inflar_contagem_diaria_sem_data
2026-05-08,pay_only,0,390,0,0,0,0,n/d,ctx.switching_economico_shadow.quadro_oportunidades,ctx.switching_economico_shadow.quadro_oportunidades,True,shadow_por_lote_sem_mapeamento_diario,nao_inflar_contagem_diaria_sem_data
2026-05-08,switch_then_pay,0,390,0,0,0,0,shadow_sem_mapeamento_diario,ctx.switching_economico_shadow.quadro_oportunidades,ctx.switching_economico_shadow.quadro_oportunidades,True,shadow_por_lote_sem_mapeamento_diario,nao_inflar_contagem_diaria_sem_data
2026-05-08,pay_then_switch,0,390,0,0,0,0,shadow_sem_mapeamento_diario,ctx.switching_economico_shadow.quadro_oportunidades,ctx.switching_economico_shadow.quadro_oportunidades,True,shadow_por_lote_sem_mapeamento_diario,nao_inflar_contagem_diaria_sem_data
2026-05-11,no_action,0,390,0,0,0,0,pacote_nao_materializado_por_restricao_da_etapa,ctx.switching_economico_shadow.quadro_oportunidades,ctx.switching_economico_shadow.quadro_oportunidades,True,shadow_por_lote_sem_mapeamento_diario,nao_inflar_contagem_diaria_sem_data
2026-05-11,switch_only,0,390,0,0,0,0,pacote_nao_materializado_por_restricao_da_etapa,ctx.switching_economico_shadow.quadro_oportunidades,ctx.switching_economico_shadow.quadro_oportunidades,True,shadow_por_lote_sem_mapeamento_diario,nao_inflar_contagem_diaria_sem_data
2026-05-11,pay_only,0,390,0,0,0,0,n/d,ctx.switching_economico_shadow.quadro_oportunidades,ctx.switching_economico_shadow.quadro_oportunidades,True,shadow_por_lote_sem_mapeamento_diario,nao_inflar_contagem_diaria_sem_data
2026-05-11,switch_then_pay,0,390,0,0,0,0,shadow_sem_mapeamento_diario,ctx.switching_economico_shadow.quadro_oportunidades,ctx.switching_economico_shadow.quadro_oportunidades,True,shadow_por_lote_sem_mapeamento_diario,nao_inflar_contagem_diaria_sem_data
2026-05-11,pay_then_switch,0,390,0,0,0,0,shadow_sem_mapeamento_diario,ctx.switching_economico_shadow.quadro_oportunidades,ctx.switching_economico_shadow.quadro_oportunidades,True,shadow_por_lote_sem_mapeamento_diario,nao_inflar_contagem_diaria_sem_data
2026-05-12,no_action,0,390,0,0,0,0,pacote_nao_materializado_por_restricao_da_etapa,ctx.switching_economico_shadow.quadro_oportunidades,ctx.switching_economico_shadow.quadro_oportunidades,True,shadow_por_lote_sem_mapeamento_diario,nao_inflar_contagem_diaria_sem_data
2026-05-12,switch_only,0,390,0,0,0,0,pacote_nao_materializado_por_restricao_da_etapa,ctx.switching_economico_shadow.quadro_oportunidades,ctx.switching_economico_shadow.quadro_oportunidades,True,shadow_por_lote_sem_mapeamento_diario,nao_inflar_contagem_diaria_sem_data
2026-05-12,pay_only,0,390,0,0,0,0,n/d,ctx.switching_economico_shadow.quadro_oportunidades,ctx.switching_economico_shadow.quadro_oportunidades,True,shadow_por_lote_sem_mapeamento_diario,nao_inflar_contagem_diaria_sem_data
2026-05-12,switch_then_pay,0,390,0,0,0,0,shadow_sem_mapeamento_diario,ctx.switching_economico_shadow.quadro_oportunidades,ctx.switching_economico_shadow.quadro_oportunidades,True,shadow_por_lote_sem_mapeamento_diario,nao_inflar_contagem_diaria_sem_data
2026-05-12,pay_then_switch,0,390,0,0,0,0,shadow_sem_mapeamento_diario,ctx.switching_economico_shadow.quadro_oportunidades,ctx.switching_economico_shadow.quadro_oportunidades,True,shadow_por_lote_sem_mapeamento_diario,nao_inflar_contagem_diaria_sem_data
2026-05-15,no_action,0,390,0,0,0,0,pacote_nao_materializado_por_restricao_da_etapa,ctx.switching_economico_shadow.quadro_oportunidades,ctx.switching_economico_shadow.quadro_oportunidades,True,shadow_por_lote_sem_mapeamento_diario,nao_inflar_contagem_diaria_sem_data
2026-05-15,switch_only,0,390,0,0,0,0,pacote_nao_materializado_por_restricao_da_etapa,ctx.switching_economico_shadow.quadro_oportunidades,ctx.switching_economico_shadow.quadro_oportunidades,True,shadow_por_lote_sem_mapeamento_diario,nao_inflar_contagem_diaria_sem_data
2026-05-15,pay_only,0,390,0,0,0,0,n/d,ctx.switching_economico_shadow.quadro_oportunidades,ctx.switching_economico_shadow.quadro_oportunidades,True,shadow_por_lote_sem_mapeamento_diario,nao_inflar_contagem_diaria_sem_data
2026-05-15,switch_then_pay,0,390,0,0,0,0,shadow_sem_mapeamento_diario,ctx.switching_economico_shadow.quadro_oportunidades,ctx.switching_economico_shadow.quadro_oportunidades,True,shadow_por_lote_sem_mapeamento_diario,nao_inflar_contagem_diaria_sem_data
2026-05-15,pay_then_switch,0,390,0,0,0,0,shadow_sem_mapeamento_diario,ctx.switching_economico_shadow.quadro_oportunidades,ctx.switching_economico_shadow.quadro_oportunidades,True,shadow_por_lote_sem_mapeamento_diario,nao_inflar_contagem_diaria_sem_data
2026-05-20,no_action,0,390,0,0,0,0,pacote_nao_materializado_por_restricao_da_etapa,ctx.switching_economico_shadow.quadro_oportunidades,ctx.switching_economico_shadow.quadro_oportunidades,True,shadow_por_lote_sem_mapeamento_diario,nao_inflar_contagem_diaria_sem_data
2026-05-20,switch_only,0,390,0,0,0,0,pacote_nao_materializado_por_restricao_da_etapa,ctx.switching_economico_shadow.quadro_oportunidades,ctx.switching_economico_shadow.quadro_oportunidades,True,shadow_por_lote_sem_mapeamento_diario,nao_inflar_contagem_diaria_sem_data
2026-05-20,pay_only,0,390,0,0,0,0,n/d,ctx.switching_economico_shadow.quadro_oportunidades,ctx.switching_economico_shadow.quadro_oportunidades,True,shadow_por_lote_sem_mapeamento_diario,nao_inflar_contagem_diaria_sem_data
2026-05-20,switch_then_pay,0,390,0,0,0,0,shadow_sem_mapeamento_diario,ctx.switching_economico_shadow.quadro_oportunidades,ctx.switching_economico_shadow.quadro_oportunidades,True,shadow_por_lote_sem_mapeamento_diario,nao_inflar_contagem_diaria_sem_data
2026-05-20,pay_then_switch,0,390,0,0,0,0,shadow_sem_mapeamento_diario,ctx.switching_economico_shadow.quadro_oportunidades,ctx.switching_economico_shadow.quadro_oportunidades,True,shadow_por_lote_sem_mapeamento_diario,nao_inflar_contagem_diaria_sem_data
2026-06-02,no_action,0,390,0,0,0,0,pacote_nao_materializado_por_restricao_da_etapa,ctx.switching_economico_shadow.quadro_oportunidades,ctx.switching_economico_shadow.quadro_oportunidades,True,shadow_por_lote_sem_mapeamento_diario,nao_inflar_contagem_diaria_sem_data
2026-06-02,switch_only,0,390,0,0,0,0,pacote_nao_materializado_por_restricao_da_etapa,ctx.switching_economico_shadow.quadro_oportunidades,ctx.switching_economico_shadow.quadro_oportunidades,True,shadow_por_lote_sem_mapeamento_diario,nao_inflar_contagem_diaria_sem_data
2026-06-02,pay_only,0,390,0,0,0,0,n/d,ctx.switching_economico_shadow.quadro_oportunidades,ctx.switching_economico_shadow.quadro_oportunidades,True,shadow_por_lote_sem_mapeamento_diario,nao_inflar_contagem_diaria_sem_data
2026-06-02,switch_then_pay,0,390,0,0,0,0,shadow_sem_mapeamento_diario,ctx.switching_economico_shadow.quadro_oportunidades,ctx.switching_economico_shadow.quadro_oportunidades,True,shadow_por_lote_sem_mapeamento_diario,nao_inflar_contagem_diaria_sem_data
2026-06-02,pay_then_switch,0,390,0,0,0,0,shadow_sem_mapeamento_diario,ctx.switching_economico_shadow.quadro_oportunidades,ctx.switching_economico_shadow.quadro_oportunidades,True,shadow_por_lote_sem_mapeamento_diario,nao_inflar_contagem_diaria_sem_data
2026-06-05,no_action,0,390,0,0,0,0,pacote_nao_materializado_por_restricao_da_etapa,ctx.switching_economico_shadow.quadro_oportunidades,ctx.switching_economico_shadow.quadro_oportunidades,True,shadow_por_lote_sem_mapeamento_diario,nao_inflar_contagem_diaria_sem_data
2026-06-05,switch_only,0,390,0,0,0,0,pacote_nao_materializado_por_restricao_da_etapa,ctx.switching_economico_shadow.quadro_oportunidades,ctx.switching_economico_shadow.quadro_oportunidades,True,shadow_por_lote_sem_mapeamento_diario,nao_inflar_contagem_diaria_sem_data
2026-06-05,pay_only,0,390,0,0,0,0,n/d,ctx.switching_economico_shadow.quadro_oportunidades,ctx.switching_economico_shadow.quadro_oportunidades,True,shadow_por_lote_sem_mapeamento_diario,nao_inflar_contagem_diaria_sem_data
2026-06-05,switch_then_pay,0,390,0,0,0,0,shadow_sem_mapeamento_diario,ctx.switching_economico_shadow.quadro_oportunidades,ctx.switching_economico_shadow.quadro_oportunidades,True,shadow_por_lote_sem_mapeamento_diario,nao_inflar_contagem_diaria_sem_data
2026-06-05,pay_then_switch,0,390,0,0,0,0,shadow_sem_mapeamento_diario,ctx.switching_economico_shadow.quadro_oportunidades,ctx.switching_economico_shadow.quadro_oportunidades,True,shadow_por_lote_sem_mapeamento_diario,nao_inflar_contagem_diaria_sem_data
2026-06-08,no_action,0,390,0,0,0,0,pacote_nao_materializado_por_restricao_da_etapa,ctx.switching_economico_shadow.quadro_oportunidades,ctx.switching_economico_shadow.quadro_oportunidades,True,shadow_por_lote_sem_mapeamento_diario,nao_inflar_contagem_diaria_sem_data
2026-06-08,switch_only,0,390,0,0,0,0,pacote_nao_materializado_por_restricao_da_etapa,ctx.switching_economico_shadow.quadro_oportunidades,ctx.switching_economico_shadow.quadro_oportunidades,True,shadow_por_lote_sem_mapeamento_diario,nao_inflar_contagem_diaria_sem_data
2026-06-08,pay_only,0,390,0,0,0,0,n/d,ctx.switching_economico_shadow.quadro_oportunidades,ctx.switching_economico_shadow.quadro_oportunidades,True,shadow_por_lote_sem_mapeamento_diario,nao_inflar_contagem_diaria_sem_data
2026-06-08,switch_then_pay,0,390,0,0,0,0,shadow_sem_mapeamento_diario,ctx.switching_economico_shadow.quadro_oportunidades,ctx.switching_economico_shadow.quadro_oportunidades,True,shadow_por_lote_sem_mapeamento_diario,nao_inflar_contagem_diaria_sem_data
2026-06-08,pay_then_switch,0,390,0,0,0,0,shadow_sem_mapeamento_diario,ctx.switching_economico_shadow.quadro_oportunidades,ctx.switching_economico_shadow.quadro_oportunidades,True,shadow_por_lote_sem_mapeamento_diario,nao_inflar_contagem_diaria_sem_data
2026-06-10,no_action,0,390,0,0,0,0,pacote_nao_materializado_por_restricao_da_etapa,ctx.switching_economico_shadow.quadro_oportunidades,ctx.switching_economico_shadow.quadro_oportunidades,True,shadow_por_lote_sem_mapeamento_diario,nao_inflar_contagem_diaria_sem_data
2026-06-10,switch_only,0,390,0,0,0,0,pacote_nao_materializado_por_restricao_da_etapa,ctx.switching_economico_shadow.quadro_oportunidades,ctx.switching_economico_shadow.quadro_oportunidades,True,shadow_por_lote_sem_mapeamento_diario,nao_inflar_contagem_diaria_sem_data
2026-06-10,pay_only,0,390,0,0,0,0,n/d,ctx.switching_economico_shadow.quadro_oportunidades,ctx.switching_economico_shadow.quadro_oportunidades,True,shadow_por_lote_sem_mapeamento_diario,nao_inflar_contagem_diaria_sem_data
2026-06-10,switch_then_pay,0,390,0,0,0,0,shadow_sem_mapeamento_diario,ctx.switching_economico_shadow.quadro_oportunidades,ctx.switching_economico_shadow.quadro_oportunidades,True,shadow_por_lote_sem_mapeamento_diario,nao_inflar_contagem_diaria_sem_data
2026-06-10,pay_then_switch,0,390,0,0,0,0,shadow_sem_mapeamento_diario,ctx.switching_economico_shadow.quadro_oportunidades,ctx.switching_economico_shadow.quadro_oportunidades,True,shadow_por_lote_sem_mapeamento_diario,nao_inflar_contagem_diaria_sem_data
2026-06-11,no_action,0,390,0,0,0,0,pacote_nao_materializado_por_restricao_da_etapa,ctx.switching_economico_shadow.quadro_oportunidades,ctx.switching_economico_shadow.quadro_oportunidades,True,shadow_por_lote_sem_mapeamento_diario,nao_inflar_contagem_diaria_sem_data
2026-06-11,switch_only,0,390,0,0,0,0,pacote_nao_materializado_por_restricao_da_etapa,ctx.switching_economico_shadow.quadro_oportunidades,ctx.switching_economico_shadow.quadro_oportunidades,True,shadow_por_lote_sem_mapeamento_diario,nao_inflar_contagem_diaria_sem_data
2026-06-11,pay_only,0,390,0,0,0,0,n/d,ctx.switching_economico_shadow.quadro_oportunidades,ctx.switching_economico_shadow.quadro_oportunidades,True,shadow_por_lote_sem_mapeamento_diario,nao_inflar_contagem_diaria_sem_data
2026-06-11,switch_then_pay,0,390,0,0,0,0,shadow_sem_mapeamento_diario,ctx.switching_economico_shadow.quadro_oportunidades,ctx.switching_economico_shadow.quadro_oportunidades,True,shadow_por_lote_sem_mapeamento_diario,nao_inflar_contagem_diaria_sem_data
2026-06-11,pay_then_switch,0,390,0,0,0,0,shadow_sem_mapeamento_diario,ctx.switching_economico_shadow.quadro_oportunidades,ctx.switching_economico_shadow.quadro_oportunidades,True,shadow_por_lote_sem_mapeamento_diario,nao_inflar_contagem_diaria_sem_data
2026-06-12,no_action,0,390,0,0,0,0,pacote_nao_materializado_por_restricao_da_etapa,ctx.switching_economico_shadow.quadro_oportunidades,ctx.switching_economico_shadow.quadro_oportunidades,True,shadow_por_lote_sem_mapeamento_diario,nao_inflar_contagem_diaria_sem_data
2026-06-12,switch_only,0,390,0,0,0,0,pacote_nao_materializado_por_restricao_da_etapa,ctx.switching_economico_shadow.quadro_oportunidades,ctx.switching_economico_shadow.quadro_oportunidades,True,shadow_por_lote_sem_mapeamento_diario,nao_inflar_contagem_diaria_sem_data
2026-06-12,pay_only,0,390,0,0,0,0,n/d,ctx.switching_economico_shadow.quadro_oportunidades,ctx.switching_economico_shadow.quadro_oportunidades,True,shadow_por_lote_sem_mapeamento_diario,nao_inflar_contagem_diaria_sem_data
2026-06-12,switch_then_pay,0,390,0,0,0,0,shadow_sem_mapeamento_diario,ctx.switching_economico_shadow.quadro_oportunidades,ctx.switching_economico_shadow.quadro_oportunidades,True,shadow_por_lote_sem_mapeamento_diario,nao_inflar_contagem_diaria_sem_data
2026-06-12,pay_then_switch,0,390,0,0,0,0,shadow_sem_mapeamento_diario,ctx.switching_economico_shadow.quadro_oportunidades,ctx.switching_economico_shadow.quadro_oportunidades,True,shadow_por_lote_sem_mapeamento_diario,nao_inflar_contagem_diaria_sem_data
2026-06-15,no_action,0,390,0,0,0,0,pacote_nao_materializado_por_restricao_da_etapa,ctx.switching_economico_shadow.quadro_oportunidades,ctx.switching_economico_shadow.quadro_oportunidades,True,shadow_por_lote_sem_mapeamento_diario,nao_inflar_contagem_diaria_sem_data
2026-06-15,switch_only,0,390,0,0,0,0,pacote_nao_materializado_por_restricao_da_etapa,ctx.switching_economico_shadow.quadro_oportunidades,ctx.switching_economico_shadow.quadro_oportunidades,True,shadow_por_lote_sem_mapeamento_diario,nao_inflar_contagem_diaria_sem_data
2026-06-15,pay_only,0,390,0,0,0,0,n/d,ctx.switching_economico_shadow.quadro_oportunidades,ctx.switching_economico_shadow.quadro_oportunidades,True,shadow_por_lote_sem_mapeamento_diario,nao_inflar_contagem_diaria_sem_data
2026-06-15,switch_then_pay,0,390,0,0,0,0,shadow_sem_mapeamento_diario,ctx.switching_economico_shadow.quadro_oportunidades,ctx.switching_economico_shadow.quadro_oportunidades,True,shadow_por_lote_sem_mapeamento_diario,nao_inflar_contagem_diaria_sem_data
2026-06-15,pay_then_switch,0,390,0,0,0,0,shadow_sem_mapeamento_diario,ctx.switching_economico_shadow.quadro_oportunidades,ctx.switching_economico_shadow.quadro_oportunidades,True,shadow_por_lote_sem_mapeamento_diario,nao_inflar_contagem_diaria_sem_data
2026-06-19,no_action,0,390,0,0,0,0,pacote_nao_materializado_por_restricao_da_etapa,ctx.switching_economico_shadow.quadro_oportunidades,ctx.switching_economico_shadow.quadro_oportunidades,True,shadow_por_lote_sem_mapeamento_diario,nao_inflar_contagem_diaria_sem_data
2026-06-19,switch_only,0,390,0,0,0,0,pacote_nao_materializado_por_restricao_da_etapa,ctx.switching_economico_shadow.quadro_oportunidades,ctx.switching_economico_shadow.quadro_oportunidades,True,shadow_por_lote_sem_mapeamento_diario,nao_inflar_contagem_diaria_sem_data
2026-06-19,pay_only,0,390,0,0,0,0,n/d,ctx.switching_economico_shadow.quadro_oportunidades,ctx.switching_economico_shadow.quadro_oportunidades,True,shadow_por_lote_sem_mapeamento_diario,nao_inflar_contagem_diaria_sem_data
2026-06-19,switch_then_pay,0,390,0,0,0,0,shadow_sem_mapeamento_diario,ctx.switching_economico_shadow.quadro_oportunidades,ctx.switching_economico_shadow.quadro_oportunidades,True,shadow_por_lote_sem_mapeamento_diario,nao_inflar_contagem_diaria_sem_data
2026-06-19,pay_then_switch,0,390,0,0,0,0,shadow_sem_mapeamento_diario,ctx.switching_economico_shadow.quadro_oportunidades,ctx.switching_economico_shadow.quadro_oportunidades,True,shadow_por_lote_sem_mapeamento_diario,nao_inflar_contagem_diaria_sem_data
2026-07-02,no_action,0,390,0,0,0,0,pacote_nao_materializado_por_restricao_da_etapa,ctx.switching_economico_shadow.quadro_oportunidades,ctx.switching_economico_shadow.quadro_oportunidades,True,shadow_por_lote_sem_mapeamento_diario,nao_inflar_contagem_diaria_sem_data
2026-07-02,switch_only,0,390,0,0,0,0,pacote_nao_materializado_por_restricao_da_etapa,ctx.switching_economico_shadow.quadro_oportunidades,ctx.switching_economico_shadow.quadro_oportunidades,True,shadow_por_lote_sem_mapeamento_diario,nao_inflar_contagem_diaria_sem_data
2026-07-02,pay_only,0,390,0,0,0,0,n/d,ctx.switching_economico_shadow.quadro_oportunidades,ctx.switching_economico_shadow.quadro_oportunidades,True,shadow_por_lote_sem_mapeamento_diario,nao_inflar_contagem_diaria_sem_data
2026-07-02,switch_then_pay,0,390,0,0,0,0,shadow_sem_mapeamento_diario,ctx.switching_economico_shadow.quadro_oportunidades,ctx.switching_economico_shadow.quadro_oportunidades,True,shadow_por_lote_sem_mapeamento_diario,nao_inflar_contagem_diaria_sem_data
2026-07-02,pay_then_switch,0,390,0,0,0,0,shadow_sem_mapeamento_diario,ctx.switching_economico_shadow.quadro_oportunidades,ctx.switching_economico_shadow.quadro_oportunidades,True,shadow_por_lote_sem_mapeamento_diario,nao_inflar_contagem_diaria_sem_data
2026-07-06,no_action,0,390,0,0,0,0,pacote_nao_materializado_por_restricao_da_etapa,ctx.switching_economico_shadow.quadro_oportunidades,ctx.switching_economico_shadow.quadro_oportunidades,True,shadow_por_lote_sem_mapeamento_diario,nao_inflar_contagem_diaria_sem_data
2026-07-06,switch_only,0,390,0,0,0,0,pacote_nao_materializado_por_restricao_da_etapa,ctx.switching_economico_shadow.quadro_oportunidades,ctx.switching_economico_shadow.quadro_oportunidades,True,shadow_por_lote_sem_mapeamento_diario,nao_inflar_contagem_diaria_sem_data
2026-07-06,pay_only,0,390,0,0,0,0,n/d,ctx.switching_economico_shadow.quadro_oportunidades,ctx.switching_economico_shadow.quadro_oportunidades,True,shadow_por_lote_sem_mapeamento_diario,nao_inflar_contagem_diaria_sem_data
2026-07-06,switch_then_pay,0,390,0,0,0,0,shadow_sem_mapeamento_diario,ctx.switching_economico_shadow.quadro_oportunidades,ctx.switching_economico_shadow.quadro_oportunidades,True,shadow_por_lote_sem_mapeamento_diario,nao_inflar_contagem_diaria_sem_data
2026-07-06,pay_then_switch,0,390,0,0,0,0,shadow_sem_mapeamento_diario,ctx.switching_economico_shadow.quadro_oportunidades,ctx.switching_economico_shadow.quadro_oportunidades,True,shadow_por_lote_sem_mapeamento_diario,nao_inflar_contagem_diaria_sem_data
2026-07-08,no_action,0,390,0,0,0,0,pacote_nao_materializado_por_restricao_da_etapa,ctx.switching_economico_shadow.quadro_oportunidades,ctx.switching_economico_shadow.quadro_oportunidades,True,shadow_por_lote_sem_mapeamento_diario,nao_inflar_contagem_diaria_sem_data
2026-07-08,switch_only,0,390,0,0,0,0,pacote_nao_materializado_por_restricao_da_etapa,ctx.switching_economico_shadow.quadro_oportunidades,ctx.switching_economico_shadow.quadro_oportunidades,True,shadow_por_lote_sem_mapeamento_diario,nao_inflar_contagem_diaria_sem_data
2026-07-08,pay_only,0,390,0,0,0,0,n/d,ctx.switching_economico_shadow.quadro_oportunidades,ctx.switching_economico_shadow.quadro_oportunidades,True,shadow_por_lote_sem_mapeamento_diario,nao_inflar_contagem_diaria_sem_data
2026-07-08,switch_then_pay,0,390,0,0,0,0,shadow_sem_mapeamento_diario,ctx.switching_economico_shadow.quadro_oportunidades,ctx.switching_economico_shadow.quadro_oportunidades,True,shadow_por_lote_sem_mapeamento_diario,nao_inflar_contagem_diaria_sem_data
2026-07-08,pay_then_switch,0,390,0,0,0,0,shadow_sem_mapeamento_diario,ctx.switching_economico_shadow.quadro_oportunidades,ctx.switching_economico_shadow.quadro_oportunidades,True,shadow_por_lote_sem_mapeamento_diario,nao_inflar_contagem_diaria_sem_data
2026-07-10,no_action,0,390,0,0,0,0,pacote_nao_materializado_por_restricao_da_etapa,ctx.switching_economico_shadow.quadro_oportunidades,ctx.switching_economico_shadow.quadro_oportunidades,True,shadow_por_lote_sem_mapeamento_diario,nao_inflar_contagem_diaria_sem_data
2026-07-10,switch_only,0,390,0,0,0,0,pacote_nao_materializado_por_restricao_da_etapa,ctx.switching_economico_shadow.quadro_oportunidades,ctx.switching_economico_shadow.quadro_oportunidades,True,shadow_por_lote_sem_mapeamento_diario,nao_inflar_contagem_diaria_sem_data
2026-07-10,pay_only,0,390,0,0,0,0,n/d,ctx.switching_economico_shadow.quadro_oportunidades,ctx.switching_economico_shadow.quadro_oportunidades,True,shadow_por_lote_sem_mapeamento_diario,nao_inflar_contagem_diaria_sem_data
2026-07-10,switch_then_pay,0,390,0,0,0,0,shadow_sem_mapeamento_diario,ctx.switching_economico_shadow.quadro_oportunidades,ctx.switching_economico_shadow.quadro_oportunidades,True,shadow_por_lote_sem_mapeamento_diario,nao_inflar_contagem_diaria_sem_data
2026-07-10,pay_then_switch,0,390,0,0,0,0,shadow_sem_mapeamento_diario,ctx.switching_economico_shadow.quadro_oportunidades,ctx.switching_economico_shadow.quadro_oportunidades,True,shadow_por_lote_sem_mapeamento_diario,nao_inflar_contagem_diaria_sem_data
2026-07-13,no_action,0,390,0,0,0,0,pacote_nao_materializado_por_restricao_da_etapa,ctx.switching_economico_shadow.quadro_oportunidades,ctx.switching_economico_shadow.quadro_oportunidades,True,shadow_por_lote_sem_mapeamento_diario,nao_inflar_contagem_diaria_sem_data
2026-07-13,switch_only,0,390,0,0,0,0,pacote_nao_materializado_por_restricao_da_etapa,ctx.switching_economico_shadow.quadro_oportunidades,ctx.switching_economico_shadow.quadro_oportunidades,True,shadow_por_lote_sem_mapeamento_diario,nao_inflar_contagem_diaria_sem_data
2026-07-13,pay_only,0,390,0,0,0,0,n/d,ctx.switching_economico_shadow.quadro_oportunidades,ctx.switching_economico_shadow.quadro_oportunidades,True,shadow_por_lote_sem_mapeamento_diario,nao_inflar_contagem_diaria_sem_data
2026-07-13,switch_then_pay,0,390,0,0,0,0,shadow_sem_mapeamento_diario,ctx.switching_economico_shadow.quadro_oportunidades,ctx.switching_economico_shadow.quadro_oportunidades,True,shadow_por_lote_sem_mapeamento_diario,nao_inflar_contagem_diaria_sem_data
2026-07-13,pay_then_switch,0,390,0,0,0,0,shadow_sem_mapeamento_diario,ctx.switching_economico_shadow.quadro_oportunidades,ctx.switching_economico_shadow.quadro_oportunidades,True,shadow_por_lote_sem_mapeamento_diario,nao_inflar_contagem_diaria_sem_data
2026-07-15,no_action,0,390,0,0,0,0,pacote_nao_materializado_por_restricao_da_etapa,ctx.switching_economico_shadow.quadro_oportunidades,ctx.switching_economico_shadow.quadro_oportunidades,True,shadow_por_lote_sem_mapeamento_diario,nao_inflar_contagem_diaria_sem_data
2026-07-15,switch_only,0,390,0,0,0,0,pacote_nao_materializado_por_restricao_da_etapa,ctx.switching_economico_shadow.quadro_oportunidades,ctx.switching_economico_shadow.quadro_oportunidades,True,shadow_por_lote_sem_mapeamento_diario,nao_inflar_contagem_diaria_sem_data
2026-07-15,pay_only,0,390,0,0,0,0,n/d,ctx.switching_economico_shadow.quadro_oportunidades,ctx.switching_economico_shadow.quadro_oportunidades,True,shadow_por_lote_sem_mapeamento_diario,nao_inflar_contagem_diaria_sem_data
2026-07-15,switch_then_pay,0,390,0,0,0,0,shadow_sem_mapeamento_diario,ctx.switching_economico_shadow.quadro_oportunidades,ctx.switching_economico_shadow.quadro_oportunidades,True,shadow_por_lote_sem_mapeamento_diario,nao_inflar_contagem_diaria_sem_data
2026-07-15,pay_then_switch,0,390,0,0,0,0,shadow_sem_mapeamento_diario,ctx.switching_economico_shadow.quadro_oportunidades,ctx.switching_economico_shadow.quadro_oportunidades,True,shadow_por_lote_sem_mapeamento_diario,nao_inflar_contagem_diaria_sem_data
2026-07-20,no_action,0,390,0,0,0,0,pacote_nao_materializado_por_restricao_da_etapa,ctx.switching_economico_shadow.quadro_oportunidades,ctx.switching_economico_shadow.quadro_oportunidades,True,shadow_por_lote_sem_mapeamento_diario,nao_inflar_contagem_diaria_sem_data
2026-07-20,switch_only,0,390,0,0,0,0,pacote_nao_materializado_por_restricao_da_etapa,ctx.switching_economico_shadow.quadro_oportunidades,ctx.switching_economico_shadow.quadro_oportunidades,True,shadow_por_lote_sem_mapeamento_diario,nao_inflar_contagem_diaria_sem_data
2026-07-20,pay_only,0,390,0,0,0,0,n/d,ctx.switching_economico_shadow.quadro_oportunidades,ctx.switching_economico_shadow.quadro_oportunidades,True,shadow_por_lote_sem_mapeamento_diario,nao_inflar_contagem_diaria_sem_data
2026-07-20,switch_then_pay,0,390,0,0,0,0,shadow_sem_mapeamento_diario,ctx.switching_economico_shadow.quadro_oportunidades,ctx.switching_economico_shadow.quadro_oportunidades,True,shadow_por_lote_sem_mapeamento_diario,nao_inflar_contagem_diaria_sem_data
2026-07-20,pay_then_switch,0,390,0,0,0,0,shadow_sem_mapeamento_diario,ctx.switching_economico_shadow.quadro_oportunidades,ctx.switching_economico_shadow.quadro_oportunidades,True,shadow_por_lote_sem_mapeamento_diario,nao_inflar_contagem_diaria_sem_data
2026-08-03,no_action,0,390,0,0,0,0,pacote_nao_materializado_por_restricao_da_etapa,ctx.switching_economico_shadow.quadro_oportunidades,ctx.switching_economico_shadow.quadro_oportunidades,True,shadow_por_lote_sem_mapeamento_diario,nao_inflar_contagem_diaria_sem_data
2026-08-03,switch_only,0,390,0,0,0,0,pacote_nao_materializado_por_restricao_da_etapa,ctx.switching_economico_shadow.quadro_oportunidades,ctx.switching_economico_shadow.quadro_oportunidades,True,shadow_por_lote_sem_mapeamento_diario,nao_inflar_contagem_diaria_sem_data
2026-08-03,pay_only,0,390,0,0,0,0,n/d,ctx.switching_economico_shadow.quadro_oportunidades,ctx.switching_economico_shadow.quadro_oportunidades,True,shadow_por_lote_sem_mapeamento_diario,nao_inflar_contagem_diaria_sem_data
2026-08-03,switch_then_pay,0,390,0,0,0,0,shadow_sem_mapeamento_diario,ctx.switching_economico_shadow.quadro_oportunidades,ctx.switching_economico_shadow.quadro_oportunidades,True,shadow_por_lote_sem_mapeamento_diario,nao_inflar_contagem_diaria_sem_data
2026-08-03,pay_then_switch,0,390,0,0,0,0,shadow_sem_mapeamento_diario,ctx.switching_economico_shadow.quadro_oportunidades,ctx.switching_economico_shadow.quadro_oportunidades,True,shadow_por_lote_sem_mapeamento_diario,nao_inflar_contagem_diaria_sem_data
2026-08-05,no_action,0,390,0,0,0,0,pacote_nao_materializado_por_restricao_da_etapa,ctx.switching_economico_shadow.quadro_oportunidades,ctx.switching_economico_shadow.quadro_oportunidades,True,shadow_por_lote_sem_mapeamento_diario,nao_inflar_contagem_diaria_sem_data
2026-08-05,switch_only,0,390,0,0,0,0,pacote_nao_materializado_por_restricao_da_etapa,ctx.switching_economico_shadow.quadro_oportunidades,ctx.switching_economico_shadow.quadro_oportunidades,True,shadow_por_lote_sem_mapeamento_diario,nao_inflar_contagem_diaria_sem_data
2026-08-05,pay_only,0,390,0,0,0,0,n/d,ctx.switching_economico_shadow.quadro_oportunidades,ctx.switching_economico_shadow.quadro_oportunidades,True,shadow_por_lote_sem_mapeamento_diario,nao_inflar_contagem_diaria_sem_data
2026-08-05,switch_then_pay,0,390,0,0,0,0,shadow_sem_mapeamento_diario,ctx.switching_economico_shadow.quadro_oportunidades,ctx.switching_economico_shadow.quadro_oportunidades,True,shadow_por_lote_sem_mapeamento_diario,nao_inflar_contagem_diaria_sem_data
2026-08-05,pay_then_switch,0,390,0,0,0,0,shadow_sem_mapeamento_diario,ctx.switching_economico_shadow.quadro_oportunidades,ctx.switching_economico_shadow.quadro_oportunidades,True,shadow_por_lote_sem_mapeamento_diario,nao_inflar_contagem_diaria_sem_data
2026-08-06,no_action,0,390,0,0,0,0,pacote_nao_materializado_por_restricao_da_etapa,ctx.switching_economico_shadow.quadro_oportunidades,ctx.switching_economico_shadow.quadro_oportunidades,True,shadow_por_lote_sem_mapeamento_diario,nao_inflar_contagem_diaria_sem_data
2026-08-06,switch_only,0,390,0,0,0,0,pacote_nao_materializado_por_restricao_da_etapa,ctx.switching_economico_shadow.quadro_oportunidades,ctx.switching_economico_shadow.quadro_oportunidades,True,shadow_por_lote_sem_mapeamento_diario,nao_inflar_contagem_diaria_sem_data
2026-08-06,pay_only,0,390,0,0,0,0,n/d,ctx.switching_economico_shadow.quadro_oportunidades,ctx.switching_economico_shadow.quadro_oportunidades,True,shadow_por_lote_sem_mapeamento_diario,nao_inflar_contagem_diaria_sem_data
2026-08-06,switch_then_pay,0,390,0,0,0,0,shadow_sem_mapeamento_diario,ctx.switching_economico_shadow.quadro_oportunidades,ctx.switching_economico_shadow.quadro_oportunidades,True,shadow_por_lote_sem_mapeamento_diario,nao_inflar_contagem_diaria_sem_data
2026-08-06,pay_then_switch,0,390,0,0,0,0,shadow_sem_mapeamento_diario,ctx.switching_economico_shadow.quadro_oportunidades,ctx.switching_economico_shadow.quadro_oportunidades,True,shadow_por_lote_sem_mapeamento_diario,nao_inflar_contagem_diaria_sem_data
2026-08-10,no_action,0,390,0,0,0,0,pacote_nao_materializado_por_restricao_da_etapa,ctx.switching_economico_shadow.quadro_oportunidades,ctx.switching_economico_shadow.quadro_oportunidades,True,shadow_por_lote_sem_mapeamento_diario,nao_inflar_contagem_diaria_sem_data
2026-08-10,switch_only,0,390,0,0,0,0,pacote_nao_materializado_por_restricao_da_etapa,ctx.switching_economico_shadow.quadro_oportunidades,ctx.switching_economico_shadow.quadro_oportunidades,True,shadow_por_lote_sem_mapeamento_diario,nao_inflar_contagem_diaria_sem_data
2026-08-10,pay_only,0,390,0,0,0,0,n/d,ctx.switching_economico_shadow.quadro_oportunidades,ctx.switching_economico_shadow.quadro_oportunidades,True,shadow_por_lote_sem_mapeamento_diario,nao_inflar_contagem_diaria_sem_data
2026-08-10,switch_then_pay,0,390,0,0,0,0,shadow_sem_mapeamento_diario,ctx.switching_economico_shadow.quadro_oportunidades,ctx.switching_economico_shadow.quadro_oportunidades,True,shadow_por_lote_sem_mapeamento_diario,nao_inflar_contagem_diaria_sem_data
2026-08-10,pay_then_switch,0,390,0,0,0,0,shadow_sem_mapeamento_diario,ctx.switching_economico_shadow.quadro_oportunidades,ctx.switching_economico_shadow.quadro_oportunidades,True,shadow_por_lote_sem_mapeamento_diario,nao_inflar_contagem_diaria_sem_data
2026-08-11,no_action,0,390,0,0,0,0,pacote_nao_materializado_por_restricao_da_etapa,ctx.switching_economico_shadow.quadro_oportunidades,ctx.switching_economico_shadow.quadro_oportunidades,True,shadow_por_lote_sem_mapeamento_diario,nao_inflar_contagem_diaria_sem_data
2026-08-11,switch_only,0,390,0,0,0,0,pacote_nao_materializado_por_restricao_da_etapa,ctx.switching_economico_shadow.quadro_oportunidades,ctx.switching_economico_shadow.quadro_oportunidades,True,shadow_por_lote_sem_mapeamento_diario,nao_inflar_contagem_diaria_sem_data
2026-08-11,pay_only,0,390,0,0,0,0,n/d,ctx.switching_economico_shadow.quadro_oportunidades,ctx.switching_economico_shadow.quadro_oportunidades,True,shadow_por_lote_sem_mapeamento_diario,nao_inflar_contagem_diaria_sem_data
2026-08-11,switch_then_pay,0,390,0,0,0,0,shadow_sem_mapeamento_diario,ctx.switching_economico_shadow.quadro_oportunidades,ctx.switching_economico_shadow.quadro_oportunidades,True,shadow_por_lote_sem_mapeamento_diario,nao_inflar_contagem_diaria_sem_data
2026-08-11,pay_then_switch,0,390,0,0,0,0,shadow_sem_mapeamento_diario,ctx.switching_economico_shadow.quadro_oportunidades,ctx.switching_economico_shadow.quadro_oportunidades,True,shadow_por_lote_sem_mapeamento_diario,nao_inflar_contagem_diaria_sem_data
2026-08-12,no_action,0,390,0,0,0,0,pacote_nao_materializado_por_restricao_da_etapa,ctx.switching_economico_shadow.quadro_oportunidades,ctx.switching_economico_shadow.quadro_oportunidades,True,shadow_por_lote_sem_mapeamento_diario,nao_inflar_contagem_diaria_sem_data
2026-08-12,switch_only,0,390,0,0,0,0,pacote_nao_materializado_por_restricao_da_etapa,ctx.switching_economico_shadow.quadro_oportunidades,ctx.switching_economico_shadow.quadro_oportunidades,True,shadow_por_lote_sem_mapeamento_diario,nao_inflar_contagem_diaria_sem_data
2026-08-12,pay_only,0,390,0,0,0,0,n/d,ctx.switching_economico_shadow.quadro_oportunidades,ctx.switching_economico_shadow.quadro_oportunidades,True,shadow_por_lote_sem_mapeamento_diario,nao_inflar_contagem_diaria_sem_data
2026-08-12,switch_then_pay,0,390,0,0,0,0,shadow_sem_mapeamento_diario,ctx.switching_economico_shadow.quadro_oportunidades,ctx.switching_economico_shadow.quadro_oportunidades,True,shadow_por_lote_sem_mapeamento_diario,nao_inflar_contagem_diaria_sem_data
2026-08-12,pay_then_switch,0,390,0,0,0,0,shadow_sem_mapeamento_diario,ctx.switching_economico_shadow.quadro_oportunidades,ctx.switching_economico_shadow.quadro_oportunidades,True,shadow_por_lote_sem_mapeamento_diario,nao_inflar_contagem_diaria_sem_data
2026-08-15,no_action,0,390,0,0,0,0,pacote_nao_materializado_por_restricao_da_etapa,ctx.switching_economico_shadow.quadro_oportunidades,ctx.switching_economico_shadow.quadro_oportunidades,True,shadow_por_lote_sem_mapeamento_diario,nao_inflar_contagem_diaria_sem_data
2026-08-15,switch_only,0,390,0,0,0,0,pacote_nao_materializado_por_restricao_da_etapa,ctx.switching_economico_shadow.quadro_oportunidades,ctx.switching_economico_shadow.quadro_oportunidades,True,shadow_por_lote_sem_mapeamento_diario,nao_inflar_contagem_diaria_sem_data
2026-08-15,pay_only,0,390,0,0,0,0,n/d,ctx.switching_economico_shadow.quadro_oportunidades,ctx.switching_economico_shadow.quadro_oportunidades,True,shadow_por_lote_sem_mapeamento_diario,nao_inflar_contagem_diaria_sem_data
2026-08-15,switch_then_pay,0,390,0,0,0,0,shadow_sem_mapeamento_diario,ctx.switching_economico_shadow.quadro_oportunidades,ctx.switching_economico_shadow.quadro_oportunidades,True,shadow_por_lote_sem_mapeamento_diario,nao_inflar_contagem_diaria_sem_data
2026-08-15,pay_then_switch,0,390,0,0,0,0,shadow_sem_mapeamento_diario,ctx.switching_economico_shadow.quadro_oportunidades,ctx.switching_economico_shadow.quadro_oportunidades,True,shadow_por_lote_sem_mapeamento_diario,nao_inflar_contagem_diaria_sem_data
2026-08-20,no_action,0,390,0,0,0,0,pacote_nao_materializado_por_restricao_da_etapa,ctx.switching_economico_shadow.quadro_oportunidades,ctx.switching_economico_shadow.quadro_oportunidades,True,shadow_por_lote_sem_mapeamento_diario,nao_inflar_contagem_diaria_sem_data
2026-08-20,switch_only,0,390,0,0,0,0,pacote_nao_materializado_por_restricao_da_etapa,ctx.switching_economico_shadow.quadro_oportunidades,ctx.switching_economico_shadow.quadro_oportunidades,True,shadow_por_lote_sem_mapeamento_diario,nao_inflar_contagem_diaria_sem_data
2026-08-20,pay_only,0,390,0,0,0,0,n/d,ctx.switching_economico_shadow.quadro_oportunidades,ctx.switching_economico_shadow.quadro_oportunidades,True,shadow_por_lote_sem_mapeamento_diario,nao_inflar_contagem_diaria_sem_data
2026-08-20,switch_then_pay,0,390,0,0,0,0,shadow_sem_mapeamento_diario,ctx.switching_economico_shadow.quadro_oportunidades,ctx.switching_economico_shadow.quadro_oportunidades,True,shadow_por_lote_sem_mapeamento_diario,nao_inflar_contagem_diaria_sem_data
2026-08-20,pay_then_switch,0,390,0,0,0,0,shadow_sem_mapeamento_diario,ctx.switching_economico_shadow.quadro_oportunidades,ctx.switching_economico_shadow.quadro_oportunidades,True,shadow_por_lote_sem_mapeamento_diario,nao_inflar_contagem_diaria_sem_data
2026-09-02,no_action,0,390,0,0,0,0,pacote_nao_materializado_por_restricao_da_etapa,ctx.switching_economico_shadow.quadro_oportunidades,ctx.switching_economico_shadow.quadro_oportunidades,True,shadow_por_lote_sem_mapeamento_diario,nao_inflar_contagem_diaria_sem_data
2026-09-02,switch_only,0,390,0,0,0,0,pacote_nao_materializado_por_restricao_da_etapa,ctx.switching_economico_shadow.quadro_oportunidades,ctx.switching_economico_shadow.quadro_oportunidades,True,shadow_por_lote_sem_mapeamento_diario,nao_inflar_contagem_diaria_sem_data
2026-09-02,pay_only,0,390,0,0,0,0,n/d,ctx.switching_economico_shadow.quadro_oportunidades,ctx.switching_economico_shadow.quadro_oportunidades,True,shadow_por_lote_sem_mapeamento_diario,nao_inflar_contagem_diaria_sem_data
2026-09-02,switch_then_pay,0,390,0,0,0,0,shadow_sem_mapeamento_diario,ctx.switching_economico_shadow.quadro_oportunidades,ctx.switching_economico_shadow.quadro_oportunidades,True,shadow_por_lote_sem_mapeamento_diario,nao_inflar_contagem_diaria_sem_data
2026-09-02,pay_then_switch,0,390,0,0,0,0,shadow_sem_mapeamento_diario,ctx.switching_economico_shadow.quadro_oportunidades,ctx.switching_economico_shadow.quadro_oportunidades,True,shadow_por_lote_sem_mapeamento_diario,nao_inflar_contagem_diaria_sem_data
2026-09-04,no_action,0,390,0,0,0,0,pacote_nao_materializado_por_restricao_da_etapa,ctx.switching_economico_shadow.quadro_oportunidades,ctx.switching_economico_shadow.quadro_oportunidades,True,shadow_por_lote_sem_mapeamento_diario,nao_inflar_contagem_diaria_sem_data
2026-09-04,switch_only,0,390,0,0,0,0,pacote_nao_materializado_por_restricao_da_etapa,ctx.switching_economico_shadow.quadro_oportunidades,ctx.switching_economico_shadow.quadro_oportunidades,True,shadow_por_lote_sem_mapeamento_diario,nao_inflar_contagem_diaria_sem_data
2026-09-04,pay_only,0,390,0,0,0,0,n/d,ctx.switching_economico_shadow.quadro_oportunidades,ctx.switching_economico_shadow.quadro_oportunidades,True,shadow_por_lote_sem_mapeamento_diario,nao_inflar_contagem_diaria_sem_data
2026-09-04,switch_then_pay,0,390,0,0,0,0,shadow_sem_mapeamento_diario,ctx.switching_economico_shadow.quadro_oportunidades,ctx.switching_economico_shadow.quadro_oportunidades,True,shadow_por_lote_sem_mapeamento_diario,nao_inflar_contagem_diaria_sem_data
2026-09-04,pay_then_switch,0,390,0,0,0,0,shadow_sem_mapeamento_diario,ctx.switching_economico_shadow.quadro_oportunidades,ctx.switching_economico_shadow.quadro_oportunidades,True,shadow_por_lote_sem_mapeamento_diario,nao_inflar_contagem_diaria_sem_data
2026-09-06,no_action,0,390,0,0,0,0,pacote_nao_materializado_por_restricao_da_etapa,ctx.switching_economico_shadow.quadro_oportunidades,ctx.switching_economico_shadow.quadro_oportunidades,True,shadow_por_lote_sem_mapeamento_diario,nao_inflar_contagem_diaria_sem_data
2026-09-06,switch_only,0,390,0,0,0,0,pacote_nao_materializado_por_restricao_da_etapa,ctx.switching_economico_shadow.quadro_oportunidades,ctx.switching_economico_shadow.quadro_oportunidades,True,shadow_por_lote_sem_mapeamento_diario,nao_inflar_contagem_diaria_sem_data
2026-09-06,pay_only,0,390,0,0,0,0,n/d,ctx.switching_economico_shadow.quadro_oportunidades,ctx.switching_economico_shadow.quadro_oportunidades,True,shadow_por_lote_sem_mapeamento_diario,nao_inflar_contagem_diaria_sem_data
2026-09-06,switch_then_pay,0,390,0,0,0,0,shadow_sem_mapeamento_diario,ctx.switching_economico_shadow.quadro_oportunidades,ctx.switching_economico_shadow.quadro_oportunidades,True,shadow_por_lote_sem_mapeamento_diario,nao_inflar_contagem_diaria_sem_data
2026-09-06,pay_then_switch,0,390,0,0,0,0,shadow_sem_mapeamento_diario,ctx.switching_economico_shadow.quadro_oportunidades,ctx.switching_economico_shadow.quadro_oportunidades,True,shadow_por_lote_sem_mapeamento_diario,nao_inflar_contagem_diaria_sem_data
2026-09-08,no_action,0,390,0,0,0,0,pacote_nao_materializado_por_restricao_da_etapa,ctx.switching_economico_shadow.quadro_oportunidades,ctx.switching_economico_shadow.quadro_oportunidades,True,shadow_por_lote_sem_mapeamento_diario,nao_inflar_contagem_diaria_sem_data
2026-09-08,switch_only,0,390,0,0,0,0,pacote_nao_materializado_por_restricao_da_etapa,ctx.switching_economico_shadow.quadro_oportunidades,ctx.switching_economico_shadow.quadro_oportunidades,True,shadow_por_lote_sem_mapeamento_diario,nao_inflar_contagem_diaria_sem_data
2026-09-08,pay_only,0,390,0,0,0,0,n/d,ctx.switching_economico_shadow.quadro_oportunidades,ctx.switching_economico_shadow.quadro_oportunidades,True,shadow_por_lote_sem_mapeamento_diario,nao_inflar_contagem_diaria_sem_data
2026-09-08,switch_then_pay,0,390,0,0,0,0,shadow_sem_mapeamento_diario,ctx.switching_economico_shadow.quadro_oportunidades,ctx.switching_economico_shadow.quadro_oportunidades,True,shadow_por_lote_sem_mapeamento_diario,nao_inflar_contagem_diaria_sem_data
2026-09-08,pay_then_switch,0,390,0,0,0,0,shadow_sem_mapeamento_diario,ctx.switching_economico_shadow.quadro_oportunidades,ctx.switching_economico_shadow.quadro_oportunidades,True,shadow_por_lote_sem_mapeamento_diario,nao_inflar_contagem_diaria_sem_data
2026-09-09,no_action,0,390,0,0,0,0,pacote_nao_materializado_por_restricao_da_etapa,ctx.switching_economico_shadow.quadro_oportunidades,ctx.switching_economico_shadow.quadro_oportunidades,True,shadow_por_lote_sem_mapeamento_diario,nao_inflar_contagem_diaria_sem_data
2026-09-09,switch_only,0,390,0,0,0,0,pacote_nao_materializado_por_restricao_da_etapa,ctx.switching_economico_shadow.quadro_oportunidades,ctx.switching_economico_shadow.quadro_oportunidades,True,shadow_por_lote_sem_mapeamento_diario,nao_inflar_contagem_diaria_sem_data
2026-09-09,pay_only,0,390,0,0,0,0,n/d,ctx.switching_economico_shadow.quadro_oportunidades,ctx.switching_economico_shadow.quadro_oportunidades,True,shadow_por_lote_sem_mapeamento_diario,nao_inflar_contagem_diaria_sem_data
2026-09-09,switch_then_pay,0,390,0,0,0,0,shadow_sem_mapeamento_diario,ctx.switching_economico_shadow.quadro_oportunidades,ctx.switching_economico_shadow.quadro_oportunidades,True,shadow_por_lote_sem_mapeamento_diario,nao_inflar_contagem_diaria_sem_data
2026-09-09,pay_then_switch,0,390,0,0,0,0,shadow_sem_mapeamento_diario,ctx.switching_economico_shadow.quadro_oportunidades,ctx.switching_economico_shadow.quadro_oportunidades,True,shadow_por_lote_sem_mapeamento_diario,nao_inflar_contagem_diaria_sem_data
2026-09-10,no_action,0,390,0,0,0,0,pacote_nao_materializado_por_restricao_da_etapa,ctx.switching_economico_shadow.quadro_oportunidades,ctx.switching_economico_shadow.quadro_oportunidades,True,shadow_por_lote_sem_mapeamento_diario,nao_inflar_contagem_diaria_sem_data
2026-09-10,switch_only,0,390,0,0,0,0,pacote_nao_materializado_por_restricao_da_etapa,ctx.switching_economico_shadow.quadro_oportunidades,ctx.switching_economico_shadow.quadro_oportunidades,True,shadow_por_lote_sem_mapeamento_diario,nao_inflar_contagem_diaria_sem_data
2026-09-10,pay_only,0,390,0,0,0,0,n/d,ctx.switching_economico_shadow.quadro_oportunidades,ctx.switching_economico_shadow.quadro_oportunidades,True,shadow_por_lote_sem_mapeamento_diario,nao_inflar_contagem_diaria_sem_data
2026-09-10,switch_then_pay,0,390,0,0,0,0,shadow_sem_mapeamento_diario,ctx.switching_economico_shadow.quadro_oportunidades,ctx.switching_economico_shadow.quadro_oportunidades,True,shadow_por_lote_sem_mapeamento_diario,nao_inflar_contagem_diaria_sem_data
2026-09-10,pay_then_switch,0,390,0,0,0,0,shadow_sem_mapeamento_diario,ctx.switching_economico_shadow.quadro_oportunidades,ctx.switching_economico_shadow.quadro_oportunidades,True,shadow_por_lote_sem_mapeamento_diario,nao_inflar_contagem_diaria_sem_data
2026-09-11,no_action,0,390,0,0,0,0,pacote_nao_materializado_por_restricao_da_etapa,ctx.switching_economico_shadow.quadro_oportunidades,ctx.switching_economico_shadow.quadro_oportunidades,True,shadow_por_lote_sem_mapeamento_diario,nao_inflar_contagem_diaria_sem_data
2026-09-11,switch_only,0,390,0,0,0,0,pacote_nao_materializado_por_restricao_da_etapa,ctx.switching_economico_shadow.quadro_oportunidades,ctx.switching_economico_shadow.quadro_oportunidades,True,shadow_por_lote_sem_mapeamento_diario,nao_inflar_contagem_diaria_sem_data
2026-09-11,pay_only,0,390,0,0,0,0,n/d,ctx.switching_economico_shadow.quadro_oportunidades,ctx.switching_economico_shadow.quadro_oportunidades,True,shadow_por_lote_sem_mapeamento_diario,nao_inflar_contagem_diaria_sem_data
2026-09-11,switch_then_pay,0,390,0,0,0,0,shadow_sem_mapeamento_diario,ctx.switching_economico_shadow.quadro_oportunidades,ctx.switching_economico_shadow.quadro_oportunidades,True,shadow_por_lote_sem_mapeamento_diario,nao_inflar_contagem_diaria_sem_data
2026-09-11,pay_then_switch,0,390,0,0,0,0,shadow_sem_mapeamento_diario,ctx.switching_economico_shadow.quadro_oportunidades,ctx.switching_economico_shadow.quadro_oportunidades,True,shadow_por_lote_sem_mapeamento_diario,nao_inflar_contagem_diaria_sem_data
2026-09-15,no_action,0,390,0,0,0,0,pacote_nao_materializado_por_restricao_da_etapa,ctx.switching_economico_shadow.quadro_oportunidades,ctx.switching_economico_shadow.quadro_oportunidades,True,shadow_por_lote_sem_mapeamento_diario,nao_inflar_contagem_diaria_sem_data
2026-09-15,switch_only,0,390,0,0,0,0,pacote_nao_materializado_por_restricao_da_etapa,ctx.switching_economico_shadow.quadro_oportunidades,ctx.switching_economico_shadow.quadro_oportunidades,True,shadow_por_lote_sem_mapeamento_diario,nao_inflar_contagem_diaria_sem_data
2026-09-15,pay_only,0,390,0,0,0,0,n/d,ctx.switching_economico_shadow.quadro_oportunidades,ctx.switching_economico_shadow.quadro_oportunidades,True,shadow_por_lote_sem_mapeamento_diario,nao_inflar_contagem_diaria_sem_data
2026-09-15,switch_then_pay,0,390,0,0,0,0,shadow_sem_mapeamento_diario,ctx.switching_economico_shadow.quadro_oportunidades,ctx.switching_economico_shadow.quadro_oportunidades,True,shadow_por_lote_sem_mapeamento_diario,nao_inflar_contagem_diaria_sem_data
2026-09-15,pay_then_switch,0,390,0,0,0,0,shadow_sem_mapeamento_diario,ctx.switching_economico_shadow.quadro_oportunidades,ctx.switching_economico_shadow.quadro_oportunidades,True,shadow_por_lote_sem_mapeamento_diario,nao_inflar_contagem_diaria_sem_data
2026-09-20,no_action,0,390,0,0,0,0,pacote_nao_materializado_por_restricao_da_etapa,ctx.switching_economico_shadow.quadro_oportunidades,ctx.switching_economico_shadow.quadro_oportunidades,True,shadow_por_lote_sem_mapeamento_diario,nao_inflar_contagem_diaria_sem_data
2026-09-20,switch_only,0,390,0,0,0,0,pacote_nao_materializado_por_restricao_da_etapa,ctx.switching_economico_shadow.quadro_oportunidades,ctx.switching_economico_shadow.quadro_oportunidades,True,shadow_por_lote_sem_mapeamento_diario,nao_inflar_contagem_diaria_sem_data
2026-09-20,pay_only,0,390,0,0,0,0,n/d,ctx.switching_economico_shadow.quadro_oportunidades,ctx.switching_economico_shadow.quadro_oportunidades,True,shadow_por_lote_sem_mapeamento_diario,nao_inflar_contagem_diaria_sem_data
2026-09-20,switch_then_pay,0,390,0,0,0,0,shadow_sem_mapeamento_diario,ctx.switching_economico_shadow.quadro_oportunidades,ctx.switching_economico_shadow.quadro_oportunidades,True,shadow_por_lote_sem_mapeamento_diario,nao_inflar_contagem_diaria_sem_data
2026-09-20,pay_then_switch,0,390,0,0,0,0,shadow_sem_mapeamento_diario,ctx.switching_economico_shadow.quadro_oportunidades,ctx.switching_economico_shadow.quadro_oportunidades,True,shadow_por_lote_sem_mapeamento_diario,nao_inflar_contagem_diaria_sem_data
2026-09-21,no_action,0,390,0,0,0,0,pacote_nao_materializado_por_restricao_da_etapa,ctx.switching_economico_shadow.quadro_oportunidades,ctx.switching_economico_shadow.quadro_oportunidades,True,shadow_por_lote_sem_mapeamento_diario,nao_inflar_contagem_diaria_sem_data
2026-09-21,switch_only,0,390,0,0,0,0,pacote_nao_materializado_por_restricao_da_etapa,ctx.switching_economico_shadow.quadro_oportunidades,ctx.switching_economico_shadow.quadro_oportunidades,True,shadow_por_lote_sem_mapeamento_diario,nao_inflar_contagem_diaria_sem_data
2026-09-21,pay_only,0,390,0,0,0,0,n/d,ctx.switching_economico_shadow.quadro_oportunidades,ctx.switching_economico_shadow.quadro_oportunidades,True,shadow_por_lote_sem_mapeamento_diario,nao_inflar_contagem_diaria_sem_data
2026-09-21,switch_then_pay,0,390,0,0,0,0,shadow_sem_mapeamento_diario,ctx.switching_economico_shadow.quadro_oportunidades,ctx.switching_economico_shadow.quadro_oportunidades,True,shadow_por_lote_sem_mapeamento_diario,nao_inflar_contagem_diaria_sem_data
2026-09-21,pay_then_switch,0,390,0,0,0,0,shadow_sem_mapeamento_diario,ctx.switching_economico_shadow.quadro_oportunidades,ctx.switching_economico_shadow.quadro_oportunidades,True,shadow_por_lote_sem_mapeamento_diario,nao_inflar_contagem_diaria_sem_data
2026-10-02,no_action,0,390,0,0,0,0,pacote_nao_materializado_por_restricao_da_etapa,ctx.switching_economico_shadow.quadro_oportunidades,ctx.switching_economico_shadow.quadro_oportunidades,True,shadow_por_lote_sem_mapeamento_diario,nao_inflar_contagem_diaria_sem_data
2026-10-02,switch_only,0,390,0,0,0,0,pacote_nao_materializado_por_restricao_da_etapa,ctx.switching_economico_shadow.quadro_oportunidades,ctx.switching_economico_shadow.quadro_oportunidades,True,shadow_por_lote_sem_mapeamento_diario,nao_inflar_contagem_diaria_sem_data
2026-10-02,pay_only,0,390,0,0,0,0,n/d,ctx.switching_economico_shadow.quadro_oportunidades,ctx.switching_economico_shadow.quadro_oportunidades,True,shadow_por_lote_sem_mapeamento_diario,nao_inflar_contagem_diaria_sem_data
2026-10-02,switch_then_pay,0,390,0,0,0,0,shadow_sem_mapeamento_diario,ctx.switching_economico_shadow.quadro_oportunidades,ctx.switching_economico_shadow.quadro_oportunidades,True,shadow_por_lote_sem_mapeamento_diario,nao_inflar_contagem_diaria_sem_data
2026-10-02,pay_then_switch,0,390,0,0,0,0,shadow_sem_mapeamento_diario,ctx.switching_economico_shadow.quadro_oportunidades,ctx.switching_economico_shadow.quadro_oportunidades,True,shadow_por_lote_sem_mapeamento_diario,nao_inflar_contagem_diaria_sem_data
2026-10-05,no_action,0,390,0,0,0,0,pacote_nao_materializado_por_restricao_da_etapa,ctx.switching_economico_shadow.quadro_oportunidades,ctx.switching_economico_shadow.quadro_oportunidades,True,shadow_por_lote_sem_mapeamento_diario,nao_inflar_contagem_diaria_sem_data
2026-10-05,switch_only,0,390,0,0,0,0,pacote_nao_materializado_por_restricao_da_etapa,ctx.switching_economico_shadow.quadro_oportunidades,ctx.switching_economico_shadow.quadro_oportunidades,True,shadow_por_lote_sem_mapeamento_diario,nao_inflar_contagem_diaria_sem_data
2026-10-05,pay_only,0,390,0,0,0,0,n/d,ctx.switching_economico_shadow.quadro_oportunidades,ctx.switching_economico_shadow.quadro_oportunidades,True,shadow_por_lote_sem_mapeamento_diario,nao_inflar_contagem_diaria_sem_data
2026-10-05,switch_then_pay,0,390,0,0,0,0,shadow_sem_mapeamento_diario,ctx.switching_economico_shadow.quadro_oportunidades,ctx.switching_economico_shadow.quadro_oportunidades,True,shadow_por_lote_sem_mapeamento_diario,nao_inflar_contagem_diaria_sem_data
2026-10-05,pay_then_switch,0,390,0,0,0,0,shadow_sem_mapeamento_diario,ctx.switching_economico_shadow.quadro_oportunidades,ctx.switching_economico_shadow.quadro_oportunidades,True,shadow_por_lote_sem_mapeamento_diario,nao_inflar_contagem_diaria_sem_data
2026-10-06,no_action,0,390,0,0,0,0,pacote_nao_materializado_por_restricao_da_etapa,ctx.switching_economico_shadow.quadro_oportunidades,ctx.switching_economico_shadow.quadro_oportunidades,True,shadow_por_lote_sem_mapeamento_diario,nao_inflar_contagem_diaria_sem_data
2026-10-06,switch_only,0,390,0,0,0,0,pacote_nao_materializado_por_restricao_da_etapa,ctx.switching_economico_shadow.quadro_oportunidades,ctx.switching_economico_shadow.quadro_oportunidades,True,shadow_por_lote_sem_mapeamento_diario,nao_inflar_contagem_diaria_sem_data
2026-10-06,pay_only,0,390,0,0,0,0,n/d,ctx.switching_economico_shadow.quadro_oportunidades,ctx.switching_economico_shadow.quadro_oportunidades,True,shadow_por_lote_sem_mapeamento_diario,nao_inflar_contagem_diaria_sem_data
2026-10-06,switch_then_pay,0,390,0,0,0,0,shadow_sem_mapeamento_diario,ctx.switching_economico_shadow.quadro_oportunidades,ctx.switching_economico_shadow.quadro_oportunidades,True,shadow_por_lote_sem_mapeamento_diario,nao_inflar_contagem_diaria_sem_data
2026-10-06,pay_then_switch,0,390,0,0,0,0,shadow_sem_mapeamento_diario,ctx.switching_economico_shadow.quadro_oportunidades,ctx.switching_economico_shadow.quadro_oportunidades,True,shadow_por_lote_sem_mapeamento_diario,nao_inflar_contagem_diaria_sem_data
2026-10-07,no_action,0,390,0,0,0,0,pacote_nao_materializado_por_restricao_da_etapa,ctx.switching_economico_shadow.quadro_oportunidades,ctx.switching_economico_shadow.quadro_oportunidades,True,shadow_por_lote_sem_mapeamento_diario,nao_inflar_contagem_diaria_sem_data
2026-10-07,switch_only,0,390,0,0,0,0,pacote_nao_materializado_por_restricao_da_etapa,ctx.switching_economico_shadow.quadro_oportunidades,ctx.switching_economico_shadow.quadro_oportunidades,True,shadow_por_lote_sem_mapeamento_diario,nao_inflar_contagem_diaria_sem_data
2026-10-07,pay_only,0,390,0,0,0,0,n/d,ctx.switching_economico_shadow.quadro_oportunidades,ctx.switching_economico_shadow.quadro_oportunidades,True,shadow_por_lote_sem_mapeamento_diario,nao_inflar_contagem_diaria_sem_data
2026-10-07,switch_then_pay,0,390,0,0,0,0,shadow_sem_mapeamento_diario,ctx.switching_economico_shadow.quadro_oportunidades,ctx.switching_economico_shadow.quadro_oportunidades,True,shadow_por_lote_sem_mapeamento_diario,nao_inflar_contagem_diaria_sem_data
2026-10-07,pay_then_switch,0,390,0,0,0,0,shadow_sem_mapeamento_diario,ctx.switching_economico_shadow.quadro_oportunidades,ctx.switching_economico_shadow.quadro_oportunidades,True,shadow_por_lote_sem_mapeamento_diario,nao_inflar_contagem_diaria_sem_data
2026-10-08,no_action,0,390,0,0,0,0,pacote_nao_materializado_por_restricao_da_etapa,ctx.switching_economico_shadow.quadro_oportunidades,ctx.switching_economico_shadow.quadro_oportunidades,True,shadow_por_lote_sem_mapeamento_diario,nao_inflar_contagem_diaria_sem_data
2026-10-08,switch_only,0,390,0,0,0,0,pacote_nao_materializado_por_restricao_da_etapa,ctx.switching_economico_shadow.quadro_oportunidades,ctx.switching_economico_shadow.quadro_oportunidades,True,shadow_por_lote_sem_mapeamento_diario,nao_inflar_contagem_diaria_sem_data
2026-10-08,pay_only,0,390,0,0,0,0,n/d,ctx.switching_economico_shadow.quadro_oportunidades,ctx.switching_economico_shadow.quadro_oportunidades,True,shadow_por_lote_sem_mapeamento_diario,nao_inflar_contagem_diaria_sem_data
2026-10-08,switch_then_pay,0,390,0,0,0,0,shadow_sem_mapeamento_diario,ctx.switching_economico_shadow.quadro_oportunidades,ctx.switching_economico_shadow.quadro_oportunidades,True,shadow_por_lote_sem_mapeamento_diario,nao_inflar_contagem_diaria_sem_data
2026-10-08,pay_then_switch,0,390,0,0,0,0,shadow_sem_mapeamento_diario,ctx.switching_economico_shadow.quadro_oportunidades,ctx.switching_economico_shadow.quadro_oportunidades,True,shadow_por_lote_sem_mapeamento_diario,nao_inflar_contagem_diaria_sem_data
2026-10-10,no_action,0,390,0,0,0,0,pacote_nao_materializado_por_restricao_da_etapa,ctx.switching_economico_shadow.quadro_oportunidades,ctx.switching_economico_shadow.quadro_oportunidades,True,shadow_por_lote_sem_mapeamento_diario,nao_inflar_contagem_diaria_sem_data
2026-10-10,switch_only,0,390,0,0,0,0,pacote_nao_materializado_por_restricao_da_etapa,ctx.switching_economico_shadow.quadro_oportunidades,ctx.switching_economico_shadow.quadro_oportunidades,True,shadow_por_lote_sem_mapeamento_diario,nao_inflar_contagem_diaria_sem_data
2026-10-10,pay_only,0,390,0,0,0,0,n/d,ctx.switching_economico_shadow.quadro_oportunidades,ctx.switching_economico_shadow.quadro_oportunidades,True,shadow_por_lote_sem_mapeamento_diario,nao_inflar_contagem_diaria_sem_data
2026-10-10,switch_then_pay,0,390,0,0,0,0,shadow_sem_mapeamento_diario,ctx.switching_economico_shadow.quadro_oportunidades,ctx.switching_economico_shadow.quadro_oportunidades,True,shadow_por_lote_sem_mapeamento_diario,nao_inflar_contagem_diaria_sem_data
2026-10-10,pay_then_switch,0,390,0,0,0,0,shadow_sem_mapeamento_diario,ctx.switching_economico_shadow.quadro_oportunidades,ctx.switching_economico_shadow.quadro_oportunidades,True,shadow_por_lote_sem_mapeamento_diario,nao_inflar_contagem_diaria_sem_data
2026-10-13,no_action,0,390,0,0,0,0,pacote_nao_materializado_por_restricao_da_etapa,ctx.switching_economico_shadow.quadro_oportunidades,ctx.switching_economico_shadow.quadro_oportunidades,True,shadow_por_lote_sem_mapeamento_diario,nao_inflar_contagem_diaria_sem_data
2026-10-13,switch_only,0,390,0,0,0,0,pacote_nao_materializado_por_restricao_da_etapa,ctx.switching_economico_shadow.quadro_oportunidades,ctx.switching_economico_shadow.quadro_oportunidades,True,shadow_por_lote_sem_mapeamento_diario,nao_inflar_contagem_diaria_sem_data
2026-10-13,pay_only,0,390,0,0,0,0,n/d,ctx.switching_economico_shadow.quadro_oportunidades,ctx.switching_economico_shadow.quadro_oportunidades,True,shadow_por_lote_sem_mapeamento_diario,nao_inflar_contagem_diaria_sem_data
2026-10-13,switch_then_pay,0,390,0,0,0,0,shadow_sem_mapeamento_diario,ctx.switching_economico_shadow.quadro_oportunidades,ctx.switching_economico_shadow.quadro_oportunidades,True,shadow_por_lote_sem_mapeamento_diario,nao_inflar_contagem_diaria_sem_data
2026-10-13,pay_then_switch,0,390,0,0,0,0,shadow_sem_mapeamento_diario,ctx.switching_economico_shadow.quadro_oportunidades,ctx.switching_economico_shadow.quadro_oportunidades,True,shadow_por_lote_sem_mapeamento_diario,nao_inflar_contagem_diaria_sem_data
2026-10-15,no_action,0,390,0,0,0,0,pacote_nao_materializado_por_restricao_da_etapa,ctx.switching_economico_shadow.quadro_oportunidades,ctx.switching_economico_shadow.quadro_oportunidades,True,shadow_por_lote_sem_mapeamento_diario,nao_inflar_contagem_diaria_sem_data
2026-10-15,switch_only,0,390,0,0,0,0,pacote_nao_materializado_por_restricao_da_etapa,ctx.switching_economico_shadow.quadro_oportunidades,ctx.switching_economico_shadow.quadro_oportunidades,True,shadow_por_lote_sem_mapeamento_diario,nao_inflar_contagem_diaria_sem_data
2026-10-15,pay_only,0,390,0,0,0,0,n/d,ctx.switching_economico_shadow.quadro_oportunidades,ctx.switching_economico_shadow.quadro_oportunidades,True,shadow_por_lote_sem_mapeamento_diario,nao_inflar_contagem_diaria_sem_data
2026-10-15,switch_then_pay,0,390,0,0,0,0,shadow_sem_mapeamento_diario,ctx.switching_economico_shadow.quadro_oportunidades,ctx.switching_economico_shadow.quadro_oportunidades,True,shadow_por_lote_sem_mapeamento_diario,nao_inflar_contagem_diaria_sem_data
2026-10-15,pay_then_switch,0,390,0,0,0,0,shadow_sem_mapeamento_diario,ctx.switching_economico_shadow.quadro_oportunidades,ctx.switching_economico_shadow.quadro_oportunidades,True,shadow_por_lote_sem_mapeamento_diario,nao_inflar_contagem_diaria_sem_data
2026-10-20,no_action,0,390,0,0,0,0,pacote_nao_materializado_por_restricao_da_etapa,ctx.switching_economico_shadow.quadro_oportunidades,ctx.switching_economico_shadow.quadro_oportunidades,True,shadow_por_lote_sem_mapeamento_diario,nao_inflar_contagem_diaria_sem_data
2026-10-20,switch_only,0,390,0,0,0,0,pacote_nao_materializado_por_restricao_da_etapa,ctx.switching_economico_shadow.quadro_oportunidades,ctx.switching_economico_shadow.quadro_oportunidades,True,shadow_por_lote_sem_mapeamento_diario,nao_inflar_contagem_diaria_sem_data
2026-10-20,pay_only,0,390,0,0,0,0,n/d,ctx.switching_economico_shadow.quadro_oportunidades,ctx.switching_economico_shadow.quadro_oportunidades,True,shadow_por_lote_sem_mapeamento_diario,nao_inflar_contagem_diaria_sem_data
2026-10-20,switch_then_pay,0,390,0,0,0,0,shadow_sem_mapeamento_diario,ctx.switching_economico_shadow.quadro_oportunidades,ctx.switching_economico_shadow.quadro_oportunidades,True,shadow_por_lote_sem_mapeamento_diario,nao_inflar_contagem_diaria_sem_data
2026-10-20,pay_then_switch,0,390,0,0,0,0,shadow_sem_mapeamento_diario,ctx.switching_economico_shadow.quadro_oportunidades,ctx.switching_economico_shadow.quadro_oportunidades,True,shadow_por_lote_sem_mapeamento_diario,nao_inflar_contagem_diaria_sem_data
2026-11-03,no_action,0,390,0,0,0,0,pacote_nao_materializado_por_restricao_da_etapa,ctx.switching_economico_shadow.quadro_oportunidades,ctx.switching_economico_shadow.quadro_oportunidades,True,shadow_por_lote_sem_mapeamento_diario,nao_inflar_contagem_diaria_sem_data
2026-11-03,switch_only,0,390,0,0,0,0,pacote_nao_materializado_por_restricao_da_etapa,ctx.switching_economico_shadow.quadro_oportunidades,ctx.switching_economico_shadow.quadro_oportunidades,True,shadow_por_lote_sem_mapeamento_diario,nao_inflar_contagem_diaria_sem_data
2026-11-03,pay_only,0,390,0,0,0,0,n/d,ctx.switching_economico_shadow.quadro_oportunidades,ctx.switching_economico_shadow.quadro_oportunidades,True,shadow_por_lote_sem_mapeamento_diario,nao_inflar_contagem_diaria_sem_data
2026-11-03,switch_then_pay,0,390,0,0,0,0,shadow_sem_mapeamento_diario,ctx.switching_economico_shadow.quadro_oportunidades,ctx.switching_economico_shadow.quadro_oportunidades,True,shadow_por_lote_sem_mapeamento_diario,nao_inflar_contagem_diaria_sem_data
2026-11-03,pay_then_switch,0,390,0,0,0,0,shadow_sem_mapeamento_diario,ctx.switching_economico_shadow.quadro_oportunidades,ctx.switching_economico_shadow.quadro_oportunidades,True,shadow_por_lote_sem_mapeamento_diario,nao_inflar_contagem_diaria_sem_data
2026-11-06,no_action,0,390,0,0,0,0,pacote_nao_materializado_por_restricao_da_etapa,ctx.switching_economico_shadow.quadro_oportunidades,ctx.switching_economico_shadow.quadro_oportunidades,True,shadow_por_lote_sem_mapeamento_diario,nao_inflar_contagem_diaria_sem_data
2026-11-06,switch_only,0,390,0,0,0,0,pacote_nao_materializado_por_restricao_da_etapa,ctx.switching_economico_shadow.quadro_oportunidades,ctx.switching_economico_shadow.quadro_oportunidades,True,shadow_por_lote_sem_mapeamento_diario,nao_inflar_contagem_diaria_sem_data
2026-11-06,pay_only,0,390,0,0,0,0,n/d,ctx.switching_economico_shadow.quadro_oportunidades,ctx.switching_economico_shadow.quadro_oportunidades,True,shadow_por_lote_sem_mapeamento_diario,nao_inflar_contagem_diaria_sem_data
2026-11-06,switch_then_pay,0,390,0,0,0,0,shadow_sem_mapeamento_diario,ctx.switching_economico_shadow.quadro_oportunidades,ctx.switching_economico_shadow.quadro_oportunidades,True,shadow_por_lote_sem_mapeamento_diario,nao_inflar_contagem_diaria_sem_data
2026-11-06,pay_then_switch,0,390,0,0,0,0,shadow_sem_mapeamento_diario,ctx.switching_economico_shadow.quadro_oportunidades,ctx.switching_economico_shadow.quadro_oportunidades,True,shadow_por_lote_sem_mapeamento_diario,nao_inflar_contagem_diaria_sem_data
2026-11-09,no_action,0,390,0,0,0,0,pacote_nao_materializado_por_restricao_da_etapa,ctx.switching_economico_shadow.quadro_oportunidades,ctx.switching_economico_shadow.quadro_oportunidades,True,shadow_por_lote_sem_mapeamento_diario,nao_inflar_contagem_diaria_sem_data
2026-11-09,switch_only,0,390,0,0,0,0,pacote_nao_materializado_por_restricao_da_etapa,ctx.switching_economico_shadow.quadro_oportunidades,ctx.switching_economico_shadow.quadro_oportunidades,True,shadow_por_lote_sem_mapeamento_diario,nao_inflar_contagem_diaria_sem_data
2026-11-09,pay_only,0,390,0,0,0,0,n/d,ctx.switching_economico_shadow.quadro_oportunidades,ctx.switching_economico_shadow.quadro_oportunidades,True,shadow_por_lote_sem_mapeamento_diario,nao_inflar_contagem_diaria_sem_data
2026-11-09,switch_then_pay,0,390,0,0,0,0,shadow_sem_mapeamento_diario,ctx.switching_economico_shadow.quadro_oportunidades,ctx.switching_economico_shadow.quadro_oportunidades,True,shadow_por_lote_sem_mapeamento_diario,nao_inflar_contagem_diaria_sem_data
2026-11-09,pay_then_switch,0,390,0,0,0,0,shadow_sem_mapeamento_diario,ctx.switching_economico_shadow.quadro_oportunidades,ctx.switching_economico_shadow.quadro_oportunidades,True,shadow_por_lote_sem_mapeamento_diario,nao_inflar_contagem_diaria_sem_data
2026-11-10,no_action,0,390,0,0,0,0,pacote_nao_materializado_por_restricao_da_etapa,ctx.switching_economico_shadow.quadro_oportunidades,ctx.switching_economico_shadow.quadro_oportunidades,True,shadow_por_lote_sem_mapeamento_diario,nao_inflar_contagem_diaria_sem_data
2026-11-10,switch_only,0,390,0,0,0,0,pacote_nao_materializado_por_restricao_da_etapa,ctx.switching_economico_shadow.quadro_oportunidades,ctx.switching_economico_shadow.quadro_oportunidades,True,shadow_por_lote_sem_mapeamento_diario,nao_inflar_contagem_diaria_sem_data
2026-11-10,pay_only,0,390,0,0,0,0,n/d,ctx.switching_economico_shadow.quadro_oportunidades,ctx.switching_economico_shadow.quadro_oportunidades,True,shadow_por_lote_sem_mapeamento_diario,nao_inflar_contagem_diaria_sem_data
2026-11-10,switch_then_pay,0,390,0,0,0,0,shadow_sem_mapeamento_diario,ctx.switching_economico_shadow.quadro_oportunidades,ctx.switching_economico_shadow.quadro_oportunidades,True,shadow_por_lote_sem_mapeamento_diario,nao_inflar_contagem_diaria_sem_data
2026-11-10,pay_then_switch,0,390,0,0,0,0,shadow_sem_mapeamento_diario,ctx.switching_economico_shadow.quadro_oportunidades,ctx.switching_economico_shadow.quadro_oportunidades,True,shadow_por_lote_sem_mapeamento_diario,nao_inflar_contagem_diaria_sem_data
2026-11-11,no_action,0,390,0,0,0,0,pacote_nao_materializado_por_restricao_da_etapa,ctx.switching_economico_shadow.quadro_oportunidades,ctx.switching_economico_shadow.quadro_oportunidades,True,shadow_por_lote_sem_mapeamento_diario,nao_inflar_contagem_diaria_sem_data
2026-11-11,switch_only,0,390,0,0,0,0,pacote_nao_materializado_por_restricao_da_etapa,ctx.switching_economico_shadow.quadro_oportunidades,ctx.switching_economico_shadow.quadro_oportunidades,True,shadow_por_lote_sem_mapeamento_diario,nao_inflar_contagem_diaria_sem_data
2026-11-11,pay_only,0,390,0,0,0,0,n/d,ctx.switching_economico_shadow.quadro_oportunidades,ctx.switching_economico_shadow.quadro_oportunidades,True,shadow_por_lote_sem_mapeamento_diario,nao_inflar_contagem_diaria_sem_data
2026-11-11,switch_then_pay,0,390,0,0,0,0,shadow_sem_mapeamento_diario,ctx.switching_economico_shadow.quadro_oportunidades,ctx.switching_economico_shadow.quadro_oportunidades,True,shadow_por_lote_sem_mapeamento_diario,nao_inflar_contagem_diaria_sem_data
2026-11-11,pay_then_switch,0,390,0,0,0,0,shadow_sem_mapeamento_diario,ctx.switching_economico_shadow.quadro_oportunidades,ctx.switching_economico_shadow.quadro_oportunidades,True,shadow_por_lote_sem_mapeamento_diario,nao_inflar_contagem_diaria_sem_data
2026-11-12,no_action,0,390,0,0,0,0,pacote_nao_materializado_por_restricao_da_etapa,ctx.switching_economico_shadow.quadro_oportunidades,ctx.switching_economico_shadow.quadro_oportunidades,True,shadow_por_lote_sem_mapeamento_diario,nao_inflar_contagem_diaria_sem_data
2026-11-12,switch_only,0,390,0,0,0,0,pacote_nao_materializado_por_restricao_da_etapa,ctx.switching_economico_shadow.quadro_oportunidades,ctx.switching_economico_shadow.quadro_oportunidades,True,shadow_por_lote_sem_mapeamento_diario,nao_inflar_contagem_diaria_sem_data
2026-11-12,pay_only,0,390,0,0,0,0,n/d,ctx.switching_economico_shadow.quadro_oportunidades,ctx.switching_economico_shadow.quadro_oportunidades,True,shadow_por_lote_sem_mapeamento_diario,nao_inflar_contagem_diaria_sem_data
2026-11-12,switch_then_pay,0,390,0,0,0,0,shadow_sem_mapeamento_diario,ctx.switching_economico_shadow.quadro_oportunidades,ctx.switching_economico_shadow.quadro_oportunidades,True,shadow_por_lote_sem_mapeamento_diario,nao_inflar_contagem_diaria_sem_data
2026-11-12,pay_then_switch,0,390,0,0,0,0,shadow_sem_mapeamento_diario,ctx.switching_economico_shadow.quadro_oportunidades,ctx.switching_economico_shadow.quadro_oportunidades,True,shadow_por_lote_sem_mapeamento_diario,nao_inflar_contagem_diaria_sem_data
2026-11-16,no_action,0,390,0,0,0,0,pacote_nao_materializado_por_restricao_da_etapa,ctx.switching_economico_shadow.quadro_oportunidades,ctx.switching_economico_shadow.quadro_oportunidades,True,shadow_por_lote_sem_mapeamento_diario,nao_inflar_contagem_diaria_sem_data
2026-11-16,switch_only,0,390,0,0,0,0,pacote_nao_materializado_por_restricao_da_etapa,ctx.switching_economico_shadow.quadro_oportunidades,ctx.switching_economico_shadow.quadro_oportunidades,True,shadow_por_lote_sem_mapeamento_diario,nao_inflar_contagem_diaria_sem_data
2026-11-16,pay_only,0,390,0,0,0,0,n/d,ctx.switching_economico_shadow.quadro_oportunidades,ctx.switching_economico_shadow.quadro_oportunidades,True,shadow_por_lote_sem_mapeamento_diario,nao_inflar_contagem_diaria_sem_data
2026-11-16,switch_then_pay,0,390,0,0,0,0,shadow_sem_mapeamento_diario,ctx.switching_economico_shadow.quadro_oportunidades,ctx.switching_economico_shadow.quadro_oportunidades,True,shadow_por_lote_sem_mapeamento_diario,nao_inflar_contagem_diaria_sem_data
2026-11-16,pay_then_switch,0,390,0,0,0,0,shadow_sem_mapeamento_diario,ctx.switching_economico_shadow.quadro_oportunidades,ctx.switching_economico_shadow.quadro_oportunidades,True,shadow_por_lote_sem_mapeamento_diario,nao_inflar_contagem_diaria_sem_data
2026-11-20,no_action,0,390,0,0,0,0,pacote_nao_materializado_por_restricao_da_etapa,ctx.switching_economico_shadow.quadro_oportunidades,ctx.switching_economico_shadow.quadro_oportunidades,True,shadow_por_lote_sem_mapeamento_diario,nao_inflar_contagem_diaria_sem_data
2026-11-20,switch_only,0,390,0,0,0,0,pacote_nao_materializado_por_restricao_da_etapa,ctx.switching_economico_shadow.quadro_oportunidades,ctx.switching_economico_shadow.quadro_oportunidades,True,shadow_por_lote_sem_mapeamento_diario,nao_inflar_contagem_diaria_sem_data
2026-11-20,pay_only,0,390,0,0,0,0,n/d,ctx.switching_economico_shadow.quadro_oportunidades,ctx.switching_economico_shadow.quadro_oportunidades,True,shadow_por_lote_sem_mapeamento_diario,nao_inflar_contagem_diaria_sem_data
2026-11-20,switch_then_pay,0,390,0,0,0,0,shadow_sem_mapeamento_diario,ctx.switching_economico_shadow.quadro_oportunidades,ctx.switching_economico_shadow.quadro_oportunidades,True,shadow_por_lote_sem_mapeamento_diario,nao_inflar_contagem_diaria_sem_data
2026-11-20,pay_then_switch,0,390,0,0,0,0,shadow_sem_mapeamento_diario,ctx.switching_economico_shadow.quadro_oportunidades,ctx.switching_economico_shadow.quadro_oportunidades,True,shadow_por_lote_sem_mapeamento_diario,nao_inflar_contagem_diaria_sem_data
2026-12-02,no_action,0,390,0,0,0,0,pacote_nao_materializado_por_restricao_da_etapa,ctx.switching_economico_shadow.quadro_oportunidades,ctx.switching_economico_shadow.quadro_oportunidades,True,shadow_por_lote_sem_mapeamento_diario,nao_inflar_contagem_diaria_sem_data
2026-12-02,switch_only,0,390,0,0,0,0,pacote_nao_materializado_por_restricao_da_etapa,ctx.switching_economico_shadow.quadro_oportunidades,ctx.switching_economico_shadow.quadro_oportunidades,True,shadow_por_lote_sem_mapeamento_diario,nao_inflar_contagem_diaria_sem_data
2026-12-02,pay_only,0,390,0,0,0,0,n/d,ctx.switching_economico_shadow.quadro_oportunidades,ctx.switching_economico_shadow.quadro_oportunidades,True,shadow_por_lote_sem_mapeamento_diario,nao_inflar_contagem_diaria_sem_data
2026-12-02,switch_then_pay,0,390,0,0,0,0,shadow_sem_mapeamento_diario,ctx.switching_economico_shadow.quadro_oportunidades,ctx.switching_economico_shadow.quadro_oportunidades,True,shadow_por_lote_sem_mapeamento_diario,nao_inflar_contagem_diaria_sem_data
2026-12-02,pay_then_switch,0,390,0,0,0,0,shadow_sem_mapeamento_diario,ctx.switching_economico_shadow.quadro_oportunidades,ctx.switching_economico_shadow.quadro_oportunidades,True,shadow_por_lote_sem_mapeamento_diario,nao_inflar_contagem_diaria_sem_data
2026-12-04,no_action,0,390,0,0,0,0,pacote_nao_materializado_por_restricao_da_etapa,ctx.switching_economico_shadow.quadro_oportunidades,ctx.switching_economico_shadow.quadro_oportunidades,True,shadow_por_lote_sem_mapeamento_diario,nao_inflar_contagem_diaria_sem_data
2026-12-04,switch_only,0,390,0,0,0,0,pacote_nao_materializado_por_restricao_da_etapa,ctx.switching_economico_shadow.quadro_oportunidades,ctx.switching_economico_shadow.quadro_oportunidades,True,shadow_por_lote_sem_mapeamento_diario,nao_inflar_contagem_diaria_sem_data
2026-12-04,pay_only,0,390,0,0,0,0,n/d,ctx.switching_economico_shadow.quadro_oportunidades,ctx.switching_economico_shadow.quadro_oportunidades,True,shadow_por_lote_sem_mapeamento_diario,nao_inflar_contagem_diaria_sem_data
2026-12-04,switch_then_pay,0,390,0,0,0,0,shadow_sem_mapeamento_diario,ctx.switching_economico_shadow.quadro_oportunidades,ctx.switching_economico_shadow.quadro_oportunidades,True,shadow_por_lote_sem_mapeamento_diario,nao_inflar_contagem_diaria_sem_data
2026-12-04,pay_then_switch,0,390,0,0,0,0,shadow_sem_mapeamento_diario,ctx.switching_economico_shadow.quadro_oportunidades,ctx.switching_economico_shadow.quadro_oportunidades,True,shadow_por_lote_sem_mapeamento_diario,nao_inflar_contagem_diaria_sem_data
2026-12-07,no_action,0,390,0,0,0,0,pacote_nao_materializado_por_restricao_da_etapa,ctx.switching_economico_shadow.quadro_oportunidades,ctx.switching_economico_shadow.quadro_oportunidades,True,shadow_por_lote_sem_mapeamento_diario,nao_inflar_contagem_diaria_sem_data
2026-12-07,switch_only,0,390,0,0,0,0,pacote_nao_materializado_por_restricao_da_etapa,ctx.switching_economico_shadow.quadro_oportunidades,ctx.switching_economico_shadow.quadro_oportunidades,True,shadow_por_lote_sem_mapeamento_diario,nao_inflar_contagem_diaria_sem_data
2026-12-07,pay_only,0,390,0,0,0,0,n/d,ctx.switching_economico_shadow.quadro_oportunidades,ctx.switching_economico_shadow.quadro_oportunidades,True,shadow_por_lote_sem_mapeamento_diario,nao_inflar_contagem_diaria_sem_data
2026-12-07,switch_then_pay,0,390,0,0,0,0,shadow_sem_mapeamento_diario,ctx.switching_economico_shadow.quadro_oportunidades,ctx.switching_economico_shadow.quadro_oportunidades,True,shadow_por_lote_sem_mapeamento_diario,nao_inflar_contagem_diaria_sem_data
2026-12-07,pay_then_switch,0,390,0,0,0,0,shadow_sem_mapeamento_diario,ctx.switching_economico_shadow.quadro_oportunidades,ctx.switching_economico_shadow.quadro_oportunidades,True,shadow_por_lote_sem_mapeamento_diario,nao_inflar_contagem_diaria_sem_data
2026-12-08,no_action,0,390,0,0,0,0,pacote_nao_materializado_por_restricao_da_etapa,ctx.switching_economico_shadow.quadro_oportunidades,ctx.switching_economico_shadow.quadro_oportunidades,True,shadow_por_lote_sem_mapeamento_diario,nao_inflar_contagem_diaria_sem_data
2026-12-08,switch_only,0,390,0,0,0,0,pacote_nao_materializado_por_restricao_da_etapa,ctx.switching_economico_shadow.quadro_oportunidades,ctx.switching_economico_shadow.quadro_oportunidades,True,shadow_por_lote_sem_mapeamento_diario,nao_inflar_contagem_diaria_sem_data
2026-12-08,pay_only,0,390,0,0,0,0,n/d,ctx.switching_economico_shadow.quadro_oportunidades,ctx.switching_economico_shadow.quadro_oportunidades,True,shadow_por_lote_sem_mapeamento_diario,nao_inflar_contagem_diaria_sem_data
2026-12-08,switch_then_pay,0,390,0,0,0,0,shadow_sem_mapeamento_diario,ctx.switching_economico_shadow.quadro_oportunidades,ctx.switching_economico_shadow.quadro_oportunidades,True,shadow_por_lote_sem_mapeamento_diario,nao_inflar_contagem_diaria_sem_data
2026-12-08,pay_then_switch,0,390,0,0,0,0,shadow_sem_mapeamento_diario,ctx.switching_economico_shadow.quadro_oportunidades,ctx.switching_economico_shadow.quadro_oportunidades,True,shadow_por_lote_sem_mapeamento_diario,nao_inflar_contagem_diaria_sem_data
2026-12-09,no_action,0,390,0,0,0,0,pacote_nao_materializado_por_restricao_da_etapa,ctx.switching_economico_shadow.quadro_oportunidades,ctx.switching_economico_shadow.quadro_oportunidades,True,shadow_por_lote_sem_mapeamento_diario,nao_inflar_contagem_diaria_sem_data
2026-12-09,switch_only,0,390,0,0,0,0,pacote_nao_materializado_por_restricao_da_etapa,ctx.switching_economico_shadow.quadro_oportunidades,ctx.switching_economico_shadow.quadro_oportunidades,True,shadow_por_lote_sem_mapeamento_diario,nao_inflar_contagem_diaria_sem_data
2026-12-09,pay_only,0,390,0,0,0,0,n/d,ctx.switching_economico_shadow.quadro_oportunidades,ctx.switching_economico_shadow.quadro_oportunidades,True,shadow_por_lote_sem_mapeamento_diario,nao_inflar_contagem_diaria_sem_data
2026-12-09,switch_then_pay,0,390,0,0,0,0,shadow_sem_mapeamento_diario,ctx.switching_economico_shadow.quadro_oportunidades,ctx.switching_economico_shadow.quadro_oportunidades,True,shadow_por_lote_sem_mapeamento_diario,nao_inflar_contagem_diaria_sem_data
2026-12-09,pay_then_switch,0,390,0,0,0,0,shadow_sem_mapeamento_diario,ctx.switching_economico_shadow.quadro_oportunidades,ctx.switching_economico_shadow.quadro_oportunidades,True,shadow_por_lote_sem_mapeamento_diario,nao_inflar_contagem_diaria_sem_data
2026-12-10,no_action,0,390,0,0,0,0,pacote_nao_materializado_por_restricao_da_etapa,ctx.switching_economico_shadow.quadro_oportunidades,ctx.switching_economico_shadow.quadro_oportunidades,True,shadow_por_lote_sem_mapeamento_diario,nao_inflar_contagem_diaria_sem_data
2026-12-10,switch_only,0,390,0,0,0,0,pacote_nao_materializado_por_restricao_da_etapa,ctx.switching_economico_shadow.quadro_oportunidades,ctx.switching_economico_shadow.quadro_oportunidades,True,shadow_por_lote_sem_mapeamento_diario,nao_inflar_contagem_diaria_sem_data
2026-12-10,pay_only,0,390,0,0,0,0,n/d,ctx.switching_economico_shadow.quadro_oportunidades,ctx.switching_economico_shadow.quadro_oportunidades,True,shadow_por_lote_sem_mapeamento_diario,nao_inflar_contagem_diaria_sem_data
2026-12-10,switch_then_pay,0,390,0,0,0,0,shadow_sem_mapeamento_diario,ctx.switching_economico_shadow.quadro_oportunidades,ctx.switching_economico_shadow.quadro_oportunidades,True,shadow_por_lote_sem_mapeamento_diario,nao_inflar_contagem_diaria_sem_data
2026-12-10,pay_then_switch,0,390,0,0,0,0,shadow_sem_mapeamento_diario,ctx.switching_economico_shadow.quadro_oportunidades,ctx.switching_economico_shadow.quadro_oportunidades,True,shadow_por_lote_sem_mapeamento_diario,nao_inflar_contagem_diaria_sem_data
2026-12-11,no_action,0,390,0,0,0,0,pacote_nao_materializado_por_restricao_da_etapa,ctx.switching_economico_shadow.quadro_oportunidades,ctx.switching_economico_shadow.quadro_oportunidades,True,shadow_por_lote_sem_mapeamento_diario,nao_inflar_contagem_diaria_sem_data
2026-12-11,switch_only,0,390,0,0,0,0,pacote_nao_materializado_por_restricao_da_etapa,ctx.switching_economico_shadow.quadro_oportunidades,ctx.switching_economico_shadow.quadro_oportunidades,True,shadow_por_lote_sem_mapeamento_diario,nao_inflar_contagem_diaria_sem_data
2026-12-11,pay_only,0,390,0,0,0,0,n/d,ctx.switching_economico_shadow.quadro_oportunidades,ctx.switching_economico_shadow.quadro_oportunidades,True,shadow_por_lote_sem_mapeamento_diario,nao_inflar_contagem_diaria_sem_data
2026-12-11,switch_then_pay,0,390,0,0,0,0,shadow_sem_mapeamento_diario,ctx.switching_economico_shadow.quadro_oportunidades,ctx.switching_economico_shadow.quadro_oportunidades,True,shadow_por_lote_sem_mapeamento_diario,nao_inflar_contagem_diaria_sem_data
2026-12-11,pay_then_switch,0,390,0,0,0,0,shadow_sem_mapeamento_diario,ctx.switching_economico_shadow.quadro_oportunidades,ctx.switching_economico_shadow.quadro_oportunidades,True,shadow_por_lote_sem_mapeamento_diario,nao_inflar_contagem_diaria_sem_data
2026-12-12,no_action,0,390,0,0,0,0,pacote_nao_materializado_por_restricao_da_etapa,ctx.switching_economico_shadow.quadro_oportunidades,ctx.switching_economico_shadow.quadro_oportunidades,True,shadow_por_lote_sem_mapeamento_diario,nao_inflar_contagem_diaria_sem_data
2026-12-12,switch_only,0,390,0,0,0,0,pacote_nao_materializado_por_restricao_da_etapa,ctx.switching_economico_shadow.quadro_oportunidades,ctx.switching_economico_shadow.quadro_oportunidades,True,shadow_por_lote_sem_mapeamento_diario,nao_inflar_contagem_diaria_sem_data
2026-12-12,pay_only,0,390,0,0,0,0,n/d,ctx.switching_economico_shadow.quadro_oportunidades,ctx.switching_economico_shadow.quadro_oportunidades,True,shadow_por_lote_sem_mapeamento_diario,nao_inflar_contagem_diaria_sem_data
2026-12-12,switch_then_pay,0,390,0,0,0,0,shadow_sem_mapeamento_diario,ctx.switching_economico_shadow.quadro_oportunidades,ctx.switching_economico_shadow.quadro_oportunidades,True,shadow_por_lote_sem_mapeamento_diario,nao_inflar_contagem_diaria_sem_data
2026-12-12,pay_then_switch,0,390,0,0,0,0,shadow_sem_mapeamento_diario,ctx.switching_economico_shadow.quadro_oportunidades,ctx.switching_economico_shadow.quadro_oportunidades,True,shadow_por_lote_sem_mapeamento_diario,nao_inflar_contagem_diaria_sem_data
2026-12-20,no_action,0,390,0,0,0,0,pacote_nao_materializado_por_restricao_da_etapa,ctx.switching_economico_shadow.quadro_oportunidades,ctx.switching_economico_shadow.quadro_oportunidades,True,shadow_por_lote_sem_mapeamento_diario,nao_inflar_contagem_diaria_sem_data
2026-12-20,switch_only,0,390,0,0,0,0,pacote_nao_materializado_por_restricao_da_etapa,ctx.switching_economico_shadow.quadro_oportunidades,ctx.switching_economico_shadow.quadro_oportunidades,True,shadow_por_lote_sem_mapeamento_diario,nao_inflar_contagem_diaria_sem_data
2026-12-20,pay_only,0,390,0,0,0,0,n/d,ctx.switching_economico_shadow.quadro_oportunidades,ctx.switching_economico_shadow.quadro_oportunidades,True,shadow_por_lote_sem_mapeamento_diario,nao_inflar_contagem_diaria_sem_data
2026-12-20,switch_then_pay,0,390,0,0,0,0,shadow_sem_mapeamento_diario,ctx.switching_economico_shadow.quadro_oportunidades,ctx.switching_economico_shadow.quadro_oportunidades,True,shadow_por_lote_sem_mapeamento_diario,nao_inflar_contagem_diaria_sem_data
2026-12-20,pay_then_switch,0,390,0,0,0,0,shadow_sem_mapeamento_diario,ctx.switching_economico_shadow.quadro_oportunidades,ctx.switching_economico_shadow.quadro_oportunidades,True,shadow_por_lote_sem_mapeamento_diario,nao_inflar_contagem_diaria_sem_data
2026-12-21,no_action,0,390,0,0,0,0,pacote_nao_materializado_por_restricao_da_etapa,ctx.switching_economico_shadow.quadro_oportunidades,ctx.switching_economico_shadow.quadro_oportunidades,True,shadow_por_lote_sem_mapeamento_diario,nao_inflar_contagem_diaria_sem_data
2026-12-21,switch_only,0,390,0,0,0,0,pacote_nao_materializado_por_restricao_da_etapa,ctx.switching_economico_shadow.quadro_oportunidades,ctx.switching_economico_shadow.quadro_oportunidades,True,shadow_por_lote_sem_mapeamento_diario,nao_inflar_contagem_diaria_sem_data
2026-12-21,pay_only,0,390,0,0,0,0,n/d,ctx.switching_economico_shadow.quadro_oportunidades,ctx.switching_economico_shadow.quadro_oportunidades,True,shadow_por_lote_sem_mapeamento_diario,nao_inflar_contagem_diaria_sem_data
2026-12-21,switch_then_pay,0,390,0,0,0,0,shadow_sem_mapeamento_diario,ctx.switching_economico_shadow.quadro_oportunidades,ctx.switching_economico_shadow.quadro_oportunidades,True,shadow_por_lote_sem_mapeamento_diario,nao_inflar_contagem_diaria_sem_data
2026-12-21,pay_then_switch,0,390,0,0,0,0,shadow_sem_mapeamento_diario,ctx.switching_economico_shadow.quadro_oportunidades,ctx.switching_economico_shadow.quadro_oportunidades,True,shadow_por_lote_sem_mapeamento_diario,nao_inflar_contagem_diaria_sem_data
2027-01-04,no_action,0,390,0,0,0,0,pacote_nao_materializado_por_restricao_da_etapa,ctx.switching_economico_shadow.quadro_oportunidades,ctx.switching_economico_shadow.quadro_oportunidades,True,shadow_por_lote_sem_mapeamento_diario,nao_inflar_contagem_diaria_sem_data
2027-01-04,switch_only,0,390,0,0,0,0,pacote_nao_materializado_por_restricao_da_etapa,ctx.switching_economico_shadow.quadro_oportunidades,ctx.switching_economico_shadow.quadro_oportunidades,True,shadow_por_lote_sem_mapeamento_diario,nao_inflar_contagem_diaria_sem_data
2027-01-04,pay_only,0,390,0,0,0,0,n/d,ctx.switching_economico_shadow.quadro_oportunidades,ctx.switching_economico_shadow.quadro_oportunidades,True,shadow_por_lote_sem_mapeamento_diario,nao_inflar_contagem_diaria_sem_data
2027-01-04,switch_then_pay,0,390,0,0,0,0,shadow_sem_mapeamento_diario,ctx.switching_economico_shadow.quadro_oportunidades,ctx.switching_economico_shadow.quadro_oportunidades,True,shadow_por_lote_sem_mapeamento_diario,nao_inflar_contagem_diaria_sem_data
2027-01-04,pay_then_switch,0,390,0,0,0,0,shadow_sem_mapeamento_diario,ctx.switching_economico_shadow.quadro_oportunidades,ctx.switching_economico_shadow.quadro_oportunidades,True,shadow_por_lote_sem_mapeamento_diario,nao_inflar_contagem_diaria_sem_data
2027-01-06,no_action,0,390,0,0,0,0,pacote_nao_materializado_por_restricao_da_etapa,ctx.switching_economico_shadow.quadro_oportunidades,ctx.switching_economico_shadow.quadro_oportunidades,True,shadow_por_lote_sem_mapeamento_diario,nao_inflar_contagem_diaria_sem_data
2027-01-06,switch_only,0,390,0,0,0,0,pacote_nao_materializado_por_restricao_da_etapa,ctx.switching_economico_shadow.quadro_oportunidades,ctx.switching_economico_shadow.quadro_oportunidades,True,shadow_por_lote_sem_mapeamento_diario,nao_inflar_contagem_diaria_sem_data
2027-01-06,pay_only,0,390,0,0,0,0,n/d,ctx.switching_economico_shadow.quadro_oportunidades,ctx.switching_economico_shadow.quadro_oportunidades,True,shadow_por_lote_sem_mapeamento_diario,nao_inflar_contagem_diaria_sem_data
2027-01-06,switch_then_pay,0,390,0,0,0,0,shadow_sem_mapeamento_diario,ctx.switching_economico_shadow.quadro_oportunidades,ctx.switching_economico_shadow.quadro_oportunidades,True,shadow_por_lote_sem_mapeamento_diario,nao_inflar_contagem_diaria_sem_data
2027-01-06,pay_then_switch,0,390,0,0,0,0,shadow_sem_mapeamento_diario,ctx.switching_economico_shadow.quadro_oportunidades,ctx.switching_economico_shadow.quadro_oportunidades,True,shadow_por_lote_sem_mapeamento_diario,nao_inflar_contagem_diaria_sem_data
2027-01-08,no_action,0,390,0,0,0,0,pacote_nao_materializado_por_restricao_da_etapa,ctx.switching_economico_shadow.quadro_oportunidades,ctx.switching_economico_shadow.quadro_oportunidades,True,shadow_por_lote_sem_mapeamento_diario,nao_inflar_contagem_diaria_sem_data
2027-01-08,switch_only,0,390,0,0,0,0,pacote_nao_materializado_por_restricao_da_etapa,ctx.switching_economico_shadow.quadro_oportunidades,ctx.switching_economico_shadow.quadro_oportunidades,True,shadow_por_lote_sem_mapeamento_diario,nao_inflar_contagem_diaria_sem_data
2027-01-08,pay_only,0,390,0,0,0,0,n/d,ctx.switching_economico_shadow.quadro_oportunidades,ctx.switching_economico_shadow.quadro_oportunidades,True,shadow_por_lote_sem_mapeamento_diario,nao_inflar_contagem_diaria_sem_data
2027-01-08,switch_then_pay,0,390,0,0,0,0,shadow_sem_mapeamento_diario,ctx.switching_economico_shadow.quadro_oportunidades,ctx.switching_economico_shadow.quadro_oportunidades,True,shadow_por_lote_sem_mapeamento_diario,nao_inflar_contagem_diaria_sem_data
2027-01-08,pay_then_switch,0,390,0,0,0,0,shadow_sem_mapeamento_diario,ctx.switching_economico_shadow.quadro_oportunidades,ctx.switching_economico_shadow.quadro_oportunidades,True,shadow_por_lote_sem_mapeamento_diario,nao_inflar_contagem_diaria_sem_data
2027-01-10,no_action,0,390,0,0,0,0,pacote_nao_materializado_por_restricao_da_etapa,ctx.switching_economico_shadow.quadro_oportunidades,ctx.switching_economico_shadow.quadro_oportunidades,True,shadow_por_lote_sem_mapeamento_diario,nao_inflar_contagem_diaria_sem_data
2027-01-10,switch_only,0,390,0,0,0,0,pacote_nao_materializado_por_restricao_da_etapa,ctx.switching_economico_shadow.quadro_oportunidades,ctx.switching_economico_shadow.quadro_oportunidades,True,shadow_por_lote_sem_mapeamento_diario,nao_inflar_contagem_diaria_sem_data
2027-01-10,pay_only,0,390,0,0,0,0,n/d,ctx.switching_economico_shadow.quadro_oportunidades,ctx.switching_economico_shadow.quadro_oportunidades,True,shadow_por_lote_sem_mapeamento_diario,nao_inflar_contagem_diaria_sem_data
2027-01-10,switch_then_pay,0,390,0,0,0,0,shadow_sem_mapeamento_diario,ctx.switching_economico_shadow.quadro_oportunidades,ctx.switching_economico_shadow.quadro_oportunidades,True,shadow_por_lote_sem_mapeamento_diario,nao_inflar_contagem_diaria_sem_data
2027-01-10,pay_then_switch,0,390,0,0,0,0,shadow_sem_mapeamento_diario,ctx.switching_economico_shadow.quadro_oportunidades,ctx.switching_economico_shadow.quadro_oportunidades,True,shadow_por_lote_sem_mapeamento_diario,nao_inflar_contagem_diaria_sem_data
2027-01-11,no_action,0,390,0,0,0,0,pacote_nao_materializado_por_restricao_da_etapa,ctx.switching_economico_shadow.quadro_oportunidades,ctx.switching_economico_shadow.quadro_oportunidades,True,shadow_por_lote_sem_mapeamento_diario,nao_inflar_contagem_diaria_sem_data
2027-01-11,switch_only,0,390,0,0,0,0,pacote_nao_materializado_por_restricao_da_etapa,ctx.switching_economico_shadow.quadro_oportunidades,ctx.switching_economico_shadow.quadro_oportunidades,True,shadow_por_lote_sem_mapeamento_diario,nao_inflar_contagem_diaria_sem_data
2027-01-11,pay_only,0,390,0,0,0,0,n/d,ctx.switching_economico_shadow.quadro_oportunidades,ctx.switching_economico_shadow.quadro_oportunidades,True,shadow_por_lote_sem_mapeamento_diario,nao_inflar_contagem_diaria_sem_data
2027-01-11,switch_then_pay,0,390,0,0,0,0,shadow_sem_mapeamento_diario,ctx.switching_economico_shadow.quadro_oportunidades,ctx.switching_economico_shadow.quadro_oportunidades,True,shadow_por_lote_sem_mapeamento_diario,nao_inflar_contagem_diaria_sem_data
2027-01-11,pay_then_switch,0,390,0,0,0,0,shadow_sem_mapeamento_diario,ctx.switching_economico_shadow.quadro_oportunidades,ctx.switching_economico_shadow.quadro_oportunidades,True,shadow_por_lote_sem_mapeamento_diario,nao_inflar_contagem_diaria_sem_data
2027-01-12,no_action,0,390,0,0,0,0,pacote_nao_materializado_por_restricao_da_etapa,ctx.switching_economico_shadow.quadro_oportunidades,ctx.switching_economico_shadow.quadro_oportunidades,True,shadow_por_lote_sem_mapeamento_diario,nao_inflar_contagem_diaria_sem_data
2027-01-12,switch_only,0,390,0,0,0,0,pacote_nao_materializado_por_restricao_da_etapa,ctx.switching_economico_shadow.quadro_oportunidades,ctx.switching_economico_shadow.quadro_oportunidades,True,shadow_por_lote_sem_mapeamento_diario,nao_inflar_contagem_diaria_sem_data
2027-01-12,pay_only,0,390,0,0,0,0,n/d,ctx.switching_economico_shadow.quadro_oportunidades,ctx.switching_economico_shadow.quadro_oportunidades,True,shadow_por_lote_sem_mapeamento_diario,nao_inflar_contagem_diaria_sem_data
2027-01-12,switch_then_pay,0,390,0,0,0,0,shadow_sem_mapeamento_diario,ctx.switching_economico_shadow.quadro_oportunidades,ctx.switching_economico_shadow.quadro_oportunidades,True,shadow_por_lote_sem_mapeamento_diario,nao_inflar_contagem_diaria_sem_data
2027-01-12,pay_then_switch,0,390,0,0,0,0,shadow_sem_mapeamento_diario,ctx.switching_economico_shadow.quadro_oportunidades,ctx.switching_economico_shadow.quadro_oportunidades,True,shadow_por_lote_sem_mapeamento_diario,nao_inflar_contagem_diaria_sem_data
2027-01-13,no_action,0,390,0,0,0,0,pacote_nao_materializado_por_restricao_da_etapa,ctx.switching_economico_shadow.quadro_oportunidades,ctx.switching_economico_shadow.quadro_oportunidades,True,shadow_por_lote_sem_mapeamento_diario,nao_inflar_contagem_diaria_sem_data
2027-01-13,switch_only,0,390,0,0,0,0,pacote_nao_materializado_por_restricao_da_etapa,ctx.switching_economico_shadow.quadro_oportunidades,ctx.switching_economico_shadow.quadro_oportunidades,True,shadow_por_lote_sem_mapeamento_diario,nao_inflar_contagem_diaria_sem_data
2027-01-13,pay_only,0,390,0,0,0,0,n/d,ctx.switching_economico_shadow.quadro_oportunidades,ctx.switching_economico_shadow.quadro_oportunidades,True,shadow_por_lote_sem_mapeamento_diario,nao_inflar_contagem_diaria_sem_data
2027-01-13,switch_then_pay,0,390,0,0,0,0,shadow_sem_mapeamento_diario,ctx.switching_economico_shadow.quadro_oportunidades,ctx.switching_economico_shadow.quadro_oportunidades,True,shadow_por_lote_sem_mapeamento_diario,nao_inflar_contagem_diaria_sem_data
2027-01-13,pay_then_switch,0,390,0,0,0,0,shadow_sem_mapeamento_diario,ctx.switching_economico_shadow.quadro_oportunidades,ctx.switching_economico_shadow.quadro_oportunidades,True,shadow_por_lote_sem_mapeamento_diario,nao_inflar_contagem_diaria_sem_data
2027-01-16,no_action,0,390,0,0,0,0,pacote_nao_materializado_por_restricao_da_etapa,ctx.switching_economico_shadow.quadro_oportunidades,ctx.switching_economico_shadow.quadro_oportunidades,True,shadow_por_lote_sem_mapeamento_diario,nao_inflar_contagem_diaria_sem_data
2027-01-16,switch_only,0,390,0,0,0,0,pacote_nao_materializado_por_restricao_da_etapa,ctx.switching_economico_shadow.quadro_oportunidades,ctx.switching_economico_shadow.quadro_oportunidades,True,shadow_por_lote_sem_mapeamento_diario,nao_inflar_contagem_diaria_sem_data
2027-01-16,pay_only,0,390,0,0,0,0,n/d,ctx.switching_economico_shadow.quadro_oportunidades,ctx.switching_economico_shadow.quadro_oportunidades,True,shadow_por_lote_sem_mapeamento_diario,nao_inflar_contagem_diaria_sem_data
2027-01-16,switch_then_pay,0,390,0,0,0,0,shadow_sem_mapeamento_diario,ctx.switching_economico_shadow.quadro_oportunidades,ctx.switching_economico_shadow.quadro_oportunidades,True,shadow_por_lote_sem_mapeamento_diario,nao_inflar_contagem_diaria_sem_data
2027-01-16,pay_then_switch,0,390,0,0,0,0,shadow_sem_mapeamento_diario,ctx.switching_economico_shadow.quadro_oportunidades,ctx.switching_economico_shadow.quadro_oportunidades,True,shadow_por_lote_sem_mapeamento_diario,nao_inflar_contagem_diaria_sem_data
2027-01-20,no_action,0,390,0,0,0,0,pacote_nao_materializado_por_restricao_da_etapa,ctx.switching_economico_shadow.quadro_oportunidades,ctx.switching_economico_shadow.quadro_oportunidades,True,shadow_por_lote_sem_mapeamento_diario,nao_inflar_contagem_diaria_sem_data
2027-01-20,switch_only,0,390,0,0,0,0,pacote_nao_materializado_por_restricao_da_etapa,ctx.switching_economico_shadow.quadro_oportunidades,ctx.switching_economico_shadow.quadro_oportunidades,True,shadow_por_lote_sem_mapeamento_diario,nao_inflar_contagem_diaria_sem_data
2027-01-20,pay_only,0,390,0,0,0,0,n/d,ctx.switching_economico_shadow.quadro_oportunidades,ctx.switching_economico_shadow.quadro_oportunidades,True,shadow_por_lote_sem_mapeamento_diario,nao_inflar_contagem_diaria_sem_data
2027-01-20,switch_then_pay,0,390,0,0,0,0,shadow_sem_mapeamento_diario,ctx.switching_economico_shadow.quadro_oportunidades,ctx.switching_economico_shadow.quadro_oportunidades,True,shadow_por_lote_sem_mapeamento_diario,nao_inflar_contagem_diaria_sem_data
2027-01-20,pay_then_switch,0,390,0,0,0,0,shadow_sem_mapeamento_diario,ctx.switching_economico_shadow.quadro_oportunidades,ctx.switching_economico_shadow.quadro_oportunidades,True,shadow_por_lote_sem_mapeamento_diario,nao_inflar_contagem_diaria_sem_data
2027-02-02,no_action,0,390,0,0,0,0,pacote_nao_materializado_por_restricao_da_etapa,ctx.switching_economico_shadow.quadro_oportunidades,ctx.switching_economico_shadow.quadro_oportunidades,True,shadow_por_lote_sem_mapeamento_diario,nao_inflar_contagem_diaria_sem_data
2027-02-02,switch_only,0,390,0,0,0,0,pacote_nao_materializado_por_restricao_da_etapa,ctx.switching_economico_shadow.quadro_oportunidades,ctx.switching_economico_shadow.quadro_oportunidades,True,shadow_por_lote_sem_mapeamento_diario,nao_inflar_contagem_diaria_sem_data
2027-02-02,pay_only,0,390,0,0,0,0,n/d,ctx.switching_economico_shadow.quadro_oportunidades,ctx.switching_economico_shadow.quadro_oportunidades,True,shadow_por_lote_sem_mapeamento_diario,nao_inflar_contagem_diaria_sem_data
2027-02-02,switch_then_pay,0,390,0,0,0,0,shadow_sem_mapeamento_diario,ctx.switching_economico_shadow.quadro_oportunidades,ctx.switching_economico_shadow.quadro_oportunidades,True,shadow_por_lote_sem_mapeamento_diario,nao_inflar_contagem_diaria_sem_data
2027-02-02,pay_then_switch,0,390,0,0,0,0,shadow_sem_mapeamento_diario,ctx.switching_economico_shadow.quadro_oportunidades,ctx.switching_economico_shadow.quadro_oportunidades,True,shadow_por_lote_sem_mapeamento_diario,nao_inflar_contagem_diaria_sem_data
2027-02-04,no_action,0,390,0,0,0,0,pacote_nao_materializado_por_restricao_da_etapa,ctx.switching_economico_shadow.quadro_oportunidades,ctx.switching_economico_shadow.quadro_oportunidades,True,shadow_por_lote_sem_mapeamento_diario,nao_inflar_contagem_diaria_sem_data
2027-02-04,switch_only,0,390,0,0,0,0,pacote_nao_materializado_por_restricao_da_etapa,ctx.switching_economico_shadow.quadro_oportunidades,ctx.switching_economico_shadow.quadro_oportunidades,True,shadow_por_lote_sem_mapeamento_diario,nao_inflar_contagem_diaria_sem_data
2027-02-04,pay_only,0,390,0,0,0,0,n/d,ctx.switching_economico_shadow.quadro_oportunidades,ctx.switching_economico_shadow.quadro_oportunidades,True,shadow_por_lote_sem_mapeamento_diario,nao_inflar_contagem_diaria_sem_data
2027-02-04,switch_then_pay,0,390,0,0,0,0,shadow_sem_mapeamento_diario,ctx.switching_economico_shadow.quadro_oportunidades,ctx.switching_economico_shadow.quadro_oportunidades,True,shadow_por_lote_sem_mapeamento_diario,nao_inflar_contagem_diaria_sem_data
2027-02-04,pay_then_switch,0,390,0,0,0,0,shadow_sem_mapeamento_diario,ctx.switching_economico_shadow.quadro_oportunidades,ctx.switching_economico_shadow.quadro_oportunidades,True,shadow_por_lote_sem_mapeamento_diario,nao_inflar_contagem_diaria_sem_data
2027-02-08,no_action,0,390,0,0,0,0,pacote_nao_materializado_por_restricao_da_etapa,ctx.switching_economico_shadow.quadro_oportunidades,ctx.switching_economico_shadow.quadro_oportunidades,True,shadow_por_lote_sem_mapeamento_diario,nao_inflar_contagem_diaria_sem_data
2027-02-08,switch_only,0,390,0,0,0,0,pacote_nao_materializado_por_restricao_da_etapa,ctx.switching_economico_shadow.quadro_oportunidades,ctx.switching_economico_shadow.quadro_oportunidades,True,shadow_por_lote_sem_mapeamento_diario,nao_inflar_contagem_diaria_sem_data
2027-02-08,pay_only,0,390,0,0,0,0,n/d,ctx.switching_economico_shadow.quadro_oportunidades,ctx.switching_economico_shadow.quadro_oportunidades,True,shadow_por_lote_sem_mapeamento_diario,nao_inflar_contagem_diaria_sem_data
2027-02-08,switch_then_pay,0,390,0,0,0,0,shadow_sem_mapeamento_diario,ctx.switching_economico_shadow.quadro_oportunidades,ctx.switching_economico_shadow.quadro_oportunidades,True,shadow_por_lote_sem_mapeamento_diario,nao_inflar_contagem_diaria_sem_data
2027-02-08,pay_then_switch,0,390,0,0,0,0,shadow_sem_mapeamento_diario,ctx.switching_economico_shadow.quadro_oportunidades,ctx.switching_economico_shadow.quadro_oportunidades,True,shadow_por_lote_sem_mapeamento_diario,nao_inflar_contagem_diaria_sem_data
2027-02-10,no_action,0,390,0,0,0,0,pacote_nao_materializado_por_restricao_da_etapa,ctx.switching_economico_shadow.quadro_oportunidades,ctx.switching_economico_shadow.quadro_oportunidades,True,shadow_por_lote_sem_mapeamento_diario,nao_inflar_contagem_diaria_sem_data
2027-02-10,switch_only,0,390,0,0,0,0,pacote_nao_materializado_por_restricao_da_etapa,ctx.switching_economico_shadow.quadro_oportunidades,ctx.switching_economico_shadow.quadro_oportunidades,True,shadow_por_lote_sem_mapeamento_diario,nao_inflar_contagem_diaria_sem_data
2027-02-10,pay_only,0,390,0,0,0,0,n/d,ctx.switching_economico_shadow.quadro_oportunidades,ctx.switching_economico_shadow.quadro_oportunidades,True,shadow_por_lote_sem_mapeamento_diario,nao_inflar_contagem_diaria_sem_data
2027-02-10,switch_then_pay,0,390,0,0,0,0,shadow_sem_mapeamento_diario,ctx.switching_economico_shadow.quadro_oportunidades,ctx.switching_economico_shadow.quadro_oportunidades,True,shadow_por_lote_sem_mapeamento_diario,nao_inflar_contagem_diaria_sem_data
2027-02-10,pay_then_switch,0,390,0,0,0,0,shadow_sem_mapeamento_diario,ctx.switching_economico_shadow.quadro_oportunidades,ctx.switching_economico_shadow.quadro_oportunidades,True,shadow_por_lote_sem_mapeamento_diario,nao_inflar_contagem_diaria_sem_data
2027-02-11,no_action,0,390,0,0,0,0,pacote_nao_materializado_por_restricao_da_etapa,ctx.switching_economico_shadow.quadro_oportunidades,ctx.switching_economico_shadow.quadro_oportunidades,True,shadow_por_lote_sem_mapeamento_diario,nao_inflar_contagem_diaria_sem_data
2027-02-11,switch_only,0,390,0,0,0,0,pacote_nao_materializado_por_restricao_da_etapa,ctx.switching_economico_shadow.quadro_oportunidades,ctx.switching_economico_shadow.quadro_oportunidades,True,shadow_por_lote_sem_mapeamento_diario,nao_inflar_contagem_diaria_sem_data
2027-02-11,pay_only,0,390,0,0,0,0,n/d,ctx.switching_economico_shadow.quadro_oportunidades,ctx.switching_economico_shadow.quadro_oportunidades,True,shadow_por_lote_sem_mapeamento_diario,nao_inflar_contagem_diaria_sem_data
2027-02-11,switch_then_pay,0,390,0,0,0,0,shadow_sem_mapeamento_diario,ctx.switching_economico_shadow.quadro_oportunidades,ctx.switching_economico_shadow.quadro_oportunidades,True,shadow_por_lote_sem_mapeamento_diario,nao_inflar_contagem_diaria_sem_data
2027-02-11,pay_then_switch,0,390,0,0,0,0,shadow_sem_mapeamento_diario,ctx.switching_economico_shadow.quadro_oportunidades,ctx.switching_economico_shadow.quadro_oportunidades,True,shadow_por_lote_sem_mapeamento_diario,nao_inflar_contagem_diaria_sem_data
2027-02-12,no_action,0,390,0,0,0,0,pacote_nao_materializado_por_restricao_da_etapa,ctx.switching_economico_shadow.quadro_oportunidades,ctx.switching_economico_shadow.quadro_oportunidades,True,shadow_por_lote_sem_mapeamento_diario,nao_inflar_contagem_diaria_sem_data
2027-02-12,switch_only,0,390,0,0,0,0,pacote_nao_materializado_por_restricao_da_etapa,ctx.switching_economico_shadow.quadro_oportunidades,ctx.switching_economico_shadow.quadro_oportunidades,True,shadow_por_lote_sem_mapeamento_diario,nao_inflar_contagem_diaria_sem_data
2027-02-12,pay_only,0,390,0,0,0,0,n/d,ctx.switching_economico_shadow.quadro_oportunidades,ctx.switching_economico_shadow.quadro_oportunidades,True,shadow_por_lote_sem_mapeamento_diario,nao_inflar_contagem_diaria_sem_data
2027-02-12,switch_then_pay,0,390,0,0,0,0,shadow_sem_mapeamento_diario,ctx.switching_economico_shadow.quadro_oportunidades,ctx.switching_economico_shadow.quadro_oportunidades,True,shadow_por_lote_sem_mapeamento_diario,nao_inflar_contagem_diaria_sem_data
2027-02-12,pay_then_switch,0,390,0,0,0,0,shadow_sem_mapeamento_diario,ctx.switching_economico_shadow.quadro_oportunidades,ctx.switching_economico_shadow.quadro_oportunidades,True,shadow_por_lote_sem_mapeamento_diario,nao_inflar_contagem_diaria_sem_data
2027-02-15,no_action,0,390,0,0,0,0,pacote_nao_materializado_por_restricao_da_etapa,ctx.switching_economico_shadow.quadro_oportunidades,ctx.switching_economico_shadow.quadro_oportunidades,True,shadow_por_lote_sem_mapeamento_diario,nao_inflar_contagem_diaria_sem_data
2027-02-15,switch_only,0,390,0,0,0,0,pacote_nao_materializado_por_restricao_da_etapa,ctx.switching_economico_shadow.quadro_oportunidades,ctx.switching_economico_shadow.quadro_oportunidades,True,shadow_por_lote_sem_mapeamento_diario,nao_inflar_contagem_diaria_sem_data
2027-02-15,pay_only,0,390,0,0,0,0,n/d,ctx.switching_economico_shadow.quadro_oportunidades,ctx.switching_economico_shadow.quadro_oportunidades,True,shadow_por_lote_sem_mapeamento_diario,nao_inflar_contagem_diaria_sem_data
2027-02-15,switch_then_pay,0,390,0,0,0,0,shadow_sem_mapeamento_diario,ctx.switching_economico_shadow.quadro_oportunidades,ctx.switching_economico_shadow.quadro_oportunidades,True,shadow_por_lote_sem_mapeamento_diario,nao_inflar_contagem_diaria_sem_data
2027-02-15,pay_then_switch,0,390,0,0,0,0,shadow_sem_mapeamento_diario,ctx.switching_economico_shadow.quadro_oportunidades,ctx.switching_economico_shadow.quadro_oportunidades,True,shadow_por_lote_sem_mapeamento_diario,nao_inflar_contagem_diaria_sem_data
2027-02-19,no_action,0,390,0,0,0,0,pacote_nao_materializado_por_restricao_da_etapa,ctx.switching_economico_shadow.quadro_oportunidades,ctx.switching_economico_shadow.quadro_oportunidades,True,shadow_por_lote_sem_mapeamento_diario,nao_inflar_contagem_diaria_sem_data
2027-02-19,switch_only,0,390,0,0,0,0,pacote_nao_materializado_por_restricao_da_etapa,ctx.switching_economico_shadow.quadro_oportunidades,ctx.switching_economico_shadow.quadro_oportunidades,True,shadow_por_lote_sem_mapeamento_diario,nao_inflar_contagem_diaria_sem_data
2027-02-19,pay_only,0,390,0,0,0,0,n/d,ctx.switching_economico_shadow.quadro_oportunidades,ctx.switching_economico_shadow.quadro_oportunidades,True,shadow_por_lote_sem_mapeamento_diario,nao_inflar_contagem_diaria_sem_data
2027-02-19,switch_then_pay,0,390,0,0,0,0,shadow_sem_mapeamento_diario,ctx.switching_economico_shadow.quadro_oportunidades,ctx.switching_economico_shadow.quadro_oportunidades,True,shadow_por_lote_sem_mapeamento_diario,nao_inflar_contagem_diaria_sem_data
2027-02-19,pay_then_switch,0,390,0,0,0,0,shadow_sem_mapeamento_diario,ctx.switching_economico_shadow.quadro_oportunidades,ctx.switching_economico_shadow.quadro_oportunidades,True,shadow_por_lote_sem_mapeamento_diario,nao_inflar_contagem_diaria_sem_data
2027-03-02,no_action,0,390,0,0,0,0,pacote_nao_materializado_por_restricao_da_etapa,ctx.switching_economico_shadow.quadro_oportunidades,ctx.switching_economico_shadow.quadro_oportunidades,True,shadow_por_lote_sem_mapeamento_diario,nao_inflar_contagem_diaria_sem_data
2027-03-02,switch_only,0,390,0,0,0,0,pacote_nao_materializado_por_restricao_da_etapa,ctx.switching_economico_shadow.quadro_oportunidades,ctx.switching_economico_shadow.quadro_oportunidades,True,shadow_por_lote_sem_mapeamento_diario,nao_inflar_contagem_diaria_sem_data
2027-03-02,pay_only,0,390,0,0,0,0,n/d,ctx.switching_economico_shadow.quadro_oportunidades,ctx.switching_economico_shadow.quadro_oportunidades,True,shadow_por_lote_sem_mapeamento_diario,nao_inflar_contagem_diaria_sem_data
2027-03-02,switch_then_pay,0,390,0,0,0,0,shadow_sem_mapeamento_diario,ctx.switching_economico_shadow.quadro_oportunidades,ctx.switching_economico_shadow.quadro_oportunidades,True,shadow_por_lote_sem_mapeamento_diario,nao_inflar_contagem_diaria_sem_data
2027-03-02,pay_then_switch,0,390,0,0,0,0,shadow_sem_mapeamento_diario,ctx.switching_economico_shadow.quadro_oportunidades,ctx.switching_economico_shadow.quadro_oportunidades,True,shadow_por_lote_sem_mapeamento_diario,nao_inflar_contagem_diaria_sem_data
2027-03-05,no_action,0,390,0,0,0,0,pacote_nao_materializado_por_restricao_da_etapa,ctx.switching_economico_shadow.quadro_oportunidades,ctx.switching_economico_shadow.quadro_oportunidades,True,shadow_por_lote_sem_mapeamento_diario,nao_inflar_contagem_diaria_sem_data
2027-03-05,switch_only,0,390,0,0,0,0,pacote_nao_materializado_por_restricao_da_etapa,ctx.switching_economico_shadow.quadro_oportunidades,ctx.switching_economico_shadow.quadro_oportunidades,True,shadow_por_lote_sem_mapeamento_diario,nao_inflar_contagem_diaria_sem_data
2027-03-05,pay_only,0,390,0,0,0,0,n/d,ctx.switching_economico_shadow.quadro_oportunidades,ctx.switching_economico_shadow.quadro_oportunidades,True,shadow_por_lote_sem_mapeamento_diario,nao_inflar_contagem_diaria_sem_data
2027-03-05,switch_then_pay,0,390,0,0,0,0,shadow_sem_mapeamento_diario,ctx.switching_economico_shadow.quadro_oportunidades,ctx.switching_economico_shadow.quadro_oportunidades,True,shadow_por_lote_sem_mapeamento_diario,nao_inflar_contagem_diaria_sem_data
2027-03-05,pay_then_switch,0,390,0,0,0,0,shadow_sem_mapeamento_diario,ctx.switching_economico_shadow.quadro_oportunidades,ctx.switching_economico_shadow.quadro_oportunidades,True,shadow_por_lote_sem_mapeamento_diario,nao_inflar_contagem_diaria_sem_data
2027-03-06,no_action,0,390,0,0,0,0,pacote_nao_materializado_por_restricao_da_etapa,ctx.switching_economico_shadow.quadro_oportunidades,ctx.switching_economico_shadow.quadro_oportunidades,True,shadow_por_lote_sem_mapeamento_diario,nao_inflar_contagem_diaria_sem_data
2027-03-06,switch_only,0,390,0,0,0,0,pacote_nao_materializado_por_restricao_da_etapa,ctx.switching_economico_shadow.quadro_oportunidades,ctx.switching_economico_shadow.quadro_oportunidades,True,shadow_por_lote_sem_mapeamento_diario,nao_inflar_contagem_diaria_sem_data
2027-03-06,pay_only,0,390,0,0,0,0,n/d,ctx.switching_economico_shadow.quadro_oportunidades,ctx.switching_economico_shadow.quadro_oportunidades,True,shadow_por_lote_sem_mapeamento_diario,nao_inflar_contagem_diaria_sem_data
2027-03-06,switch_then_pay,0,390,0,0,0,0,shadow_sem_mapeamento_diario,ctx.switching_economico_shadow.quadro_oportunidades,ctx.switching_economico_shadow.quadro_oportunidades,True,shadow_por_lote_sem_mapeamento_diario,nao_inflar_contagem_diaria_sem_data
2027-03-06,pay_then_switch,0,390,0,0,0,0,shadow_sem_mapeamento_diario,ctx.switching_economico_shadow.quadro_oportunidades,ctx.switching_economico_shadow.quadro_oportunidades,True,shadow_por_lote_sem_mapeamento_diario,nao_inflar_contagem_diaria_sem_data
2027-03-09,no_action,0,390,0,0,0,0,pacote_nao_materializado_por_restricao_da_etapa,ctx.switching_economico_shadow.quadro_oportunidades,ctx.switching_economico_shadow.quadro_oportunidades,True,shadow_por_lote_sem_mapeamento_diario,nao_inflar_contagem_diaria_sem_data
2027-03-09,switch_only,0,390,0,0,0,0,pacote_nao_materializado_por_restricao_da_etapa,ctx.switching_economico_shadow.quadro_oportunidades,ctx.switching_economico_shadow.quadro_oportunidades,True,shadow_por_lote_sem_mapeamento_diario,nao_inflar_contagem_diaria_sem_data
2027-03-09,pay_only,0,390,0,0,0,0,n/d,ctx.switching_economico_shadow.quadro_oportunidades,ctx.switching_economico_shadow.quadro_oportunidades,True,shadow_por_lote_sem_mapeamento_diario,nao_inflar_contagem_diaria_sem_data
2027-03-09,switch_then_pay,0,390,0,0,0,0,shadow_sem_mapeamento_diario,ctx.switching_economico_shadow.quadro_oportunidades,ctx.switching_economico_shadow.quadro_oportunidades,True,shadow_por_lote_sem_mapeamento_diario,nao_inflar_contagem_diaria_sem_data
2027-03-09,pay_then_switch,0,390,0,0,0,0,shadow_sem_mapeamento_diario,ctx.switching_economico_shadow.quadro_oportunidades,ctx.switching_economico_shadow.quadro_oportunidades,True,shadow_por_lote_sem_mapeamento_diario,nao_inflar_contagem_diaria_sem_data
2027-03-10,no_action,0,390,0,0,0,0,pacote_nao_materializado_por_restricao_da_etapa,ctx.switching_economico_shadow.quadro_oportunidades,ctx.switching_economico_shadow.quadro_oportunidades,True,shadow_por_lote_sem_mapeamento_diario,nao_inflar_contagem_diaria_sem_data
2027-03-10,switch_only,0,390,0,0,0,0,pacote_nao_materializado_por_restricao_da_etapa,ctx.switching_economico_shadow.quadro_oportunidades,ctx.switching_economico_shadow.quadro_oportunidades,True,shadow_por_lote_sem_mapeamento_diario,nao_inflar_contagem_diaria_sem_data
2027-03-10,pay_only,0,390,0,0,0,0,n/d,ctx.switching_economico_shadow.quadro_oportunidades,ctx.switching_economico_shadow.quadro_oportunidades,True,shadow_por_lote_sem_mapeamento_diario,nao_inflar_contagem_diaria_sem_data
2027-03-10,switch_then_pay,0,390,0,0,0,0,shadow_sem_mapeamento_diario,ctx.switching_economico_shadow.quadro_oportunidades,ctx.switching_economico_shadow.quadro_oportunidades,True,shadow_por_lote_sem_mapeamento_diario,nao_inflar_contagem_diaria_sem_data
2027-03-10,pay_then_switch,0,390,0,0,0,0,shadow_sem_mapeamento_diario,ctx.switching_economico_shadow.quadro_oportunidades,ctx.switching_economico_shadow.quadro_oportunidades,True,shadow_por_lote_sem_mapeamento_diario,nao_inflar_contagem_diaria_sem_data
2027-03-11,no_action,0,390,0,0,0,0,pacote_nao_materializado_por_restricao_da_etapa,ctx.switching_economico_shadow.quadro_oportunidades,ctx.switching_economico_shadow.quadro_oportunidades,True,shadow_por_lote_sem_mapeamento_diario,nao_inflar_contagem_diaria_sem_data
2027-03-11,switch_only,0,390,0,0,0,0,pacote_nao_materializado_por_restricao_da_etapa,ctx.switching_economico_shadow.quadro_oportunidades,ctx.switching_economico_shadow.quadro_oportunidades,True,shadow_por_lote_sem_mapeamento_diario,nao_inflar_contagem_diaria_sem_data
2027-03-11,pay_only,0,390,0,0,0,0,n/d,ctx.switching_economico_shadow.quadro_oportunidades,ctx.switching_economico_shadow.quadro_oportunidades,True,shadow_por_lote_sem_mapeamento_diario,nao_inflar_contagem_diaria_sem_data
2027-03-11,switch_then_pay,0,390,0,0,0,0,shadow_sem_mapeamento_diario,ctx.switching_economico_shadow.quadro_oportunidades,ctx.switching_economico_shadow.quadro_oportunidades,True,shadow_por_lote_sem_mapeamento_diario,nao_inflar_contagem_diaria_sem_data
2027-03-11,pay_then_switch,0,390,0,0,0,0,shadow_sem_mapeamento_diario,ctx.switching_economico_shadow.quadro_oportunidades,ctx.switching_economico_shadow.quadro_oportunidades,True,shadow_por_lote_sem_mapeamento_diario,nao_inflar_contagem_diaria_sem_data
2027-03-12,no_action,0,390,0,0,0,0,pacote_nao_materializado_por_restricao_da_etapa,ctx.switching_economico_shadow.quadro_oportunidades,ctx.switching_economico_shadow.quadro_oportunidades,True,shadow_por_lote_sem_mapeamento_diario,nao_inflar_contagem_diaria_sem_data
2027-03-12,switch_only,0,390,0,0,0,0,pacote_nao_materializado_por_restricao_da_etapa,ctx.switching_economico_shadow.quadro_oportunidades,ctx.switching_economico_shadow.quadro_oportunidades,True,shadow_por_lote_sem_mapeamento_diario,nao_inflar_contagem_diaria_sem_data
2027-03-12,pay_only,0,390,0,0,0,0,n/d,ctx.switching_economico_shadow.quadro_oportunidades,ctx.switching_economico_shadow.quadro_oportunidades,True,shadow_por_lote_sem_mapeamento_diario,nao_inflar_contagem_diaria_sem_data
2027-03-12,switch_then_pay,0,390,0,0,0,0,shadow_sem_mapeamento_diario,ctx.switching_economico_shadow.quadro_oportunidades,ctx.switching_economico_shadow.quadro_oportunidades,True,shadow_por_lote_sem_mapeamento_diario,nao_inflar_contagem_diaria_sem_data
2027-03-12,pay_then_switch,0,390,0,0,0,0,shadow_sem_mapeamento_diario,ctx.switching_economico_shadow.quadro_oportunidades,ctx.switching_economico_shadow.quadro_oportunidades,True,shadow_por_lote_sem_mapeamento_diario,nao_inflar_contagem_diaria_sem_data
2027-03-16,no_action,0,390,0,0,0,0,pacote_nao_materializado_por_restricao_da_etapa,ctx.switching_economico_shadow.quadro_oportunidades,ctx.switching_economico_shadow.quadro_oportunidades,True,shadow_por_lote_sem_mapeamento_diario,nao_inflar_contagem_diaria_sem_data
2027-03-16,switch_only,0,390,0,0,0,0,pacote_nao_materializado_por_restricao_da_etapa,ctx.switching_economico_shadow.quadro_oportunidades,ctx.switching_economico_shadow.quadro_oportunidades,True,shadow_por_lote_sem_mapeamento_diario,nao_inflar_contagem_diaria_sem_data
2027-03-16,pay_only,0,390,0,0,0,0,n/d,ctx.switching_economico_shadow.quadro_oportunidades,ctx.switching_economico_shadow.quadro_oportunidades,True,shadow_por_lote_sem_mapeamento_diario,nao_inflar_contagem_diaria_sem_data
2027-03-16,switch_then_pay,0,390,0,0,0,0,shadow_sem_mapeamento_diario,ctx.switching_economico_shadow.quadro_oportunidades,ctx.switching_economico_shadow.quadro_oportunidades,True,shadow_por_lote_sem_mapeamento_diario,nao_inflar_contagem_diaria_sem_data
2027-03-16,pay_then_switch,0,390,0,0,0,0,shadow_sem_mapeamento_diario,ctx.switching_economico_shadow.quadro_oportunidades,ctx.switching_economico_shadow.quadro_oportunidades,True,shadow_por_lote_sem_mapeamento_diario,nao_inflar_contagem_diaria_sem_data
2027-03-20,no_action,0,390,0,0,0,0,pacote_nao_materializado_por_restricao_da_etapa,ctx.switching_economico_shadow.quadro_oportunidades,ctx.switching_economico_shadow.quadro_oportunidades,True,shadow_por_lote_sem_mapeamento_diario,nao_inflar_contagem_diaria_sem_data
2027-03-20,switch_only,0,390,0,0,0,0,pacote_nao_materializado_por_restricao_da_etapa,ctx.switching_economico_shadow.quadro_oportunidades,ctx.switching_economico_shadow.quadro_oportunidades,True,shadow_por_lote_sem_mapeamento_diario,nao_inflar_contagem_diaria_sem_data
2027-03-20,pay_only,0,390,0,0,0,0,n/d,ctx.switching_economico_shadow.quadro_oportunidades,ctx.switching_economico_shadow.quadro_oportunidades,True,shadow_por_lote_sem_mapeamento_diario,nao_inflar_contagem_diaria_sem_data
2027-03-20,switch_then_pay,0,390,0,0,0,0,shadow_sem_mapeamento_diario,ctx.switching_economico_shadow.quadro_oportunidades,ctx.switching_economico_shadow.quadro_oportunidades,True,shadow_por_lote_sem_mapeamento_diario,nao_inflar_contagem_diaria_sem_data
2027-03-20,pay_then_switch,0,390,0,0,0,0,shadow_sem_mapeamento_diario,ctx.switching_economico_shadow.quadro_oportunidades,ctx.switching_economico_shadow.quadro_oportunidades,True,shadow_por_lote_sem_mapeamento_diario,nao_inflar_contagem_diaria_sem_data
2027-03-31,no_action,0,390,0,0,0,0,pacote_nao_materializado_por_restricao_da_etapa,ctx.switching_economico_shadow.quadro_oportunidades,ctx.switching_economico_shadow.quadro_oportunidades,True,shadow_por_lote_sem_mapeamento_diario,nao_inflar_contagem_diaria_sem_data
2027-03-31,switch_only,0,390,0,0,0,0,pacote_nao_materializado_por_restricao_da_etapa,ctx.switching_economico_shadow.quadro_oportunidades,ctx.switching_economico_shadow.quadro_oportunidades,True,shadow_por_lote_sem_mapeamento_diario,nao_inflar_contagem_diaria_sem_data
2027-03-31,pay_only,0,390,0,0,0,0,n/d,ctx.switching_economico_shadow.quadro_oportunidades,ctx.switching_economico_shadow.quadro_oportunidades,True,shadow_por_lote_sem_mapeamento_diario,nao_inflar_contagem_diaria_sem_data
2027-03-31,switch_then_pay,0,390,0,0,0,0,shadow_sem_mapeamento_diario,ctx.switching_economico_shadow.quadro_oportunidades,ctx.switching_economico_shadow.quadro_oportunidades,True,shadow_por_lote_sem_mapeamento_diario,nao_inflar_contagem_diaria_sem_data
2027-03-31,pay_then_switch,0,390,0,0,0,0,shadow_sem_mapeamento_diario,ctx.switching_economico_shadow.quadro_oportunidades,ctx.switching_economico_shadow.quadro_oportunidades,True,shadow_por_lote_sem_mapeamento_diario,nao_inflar_contagem_diaria_sem_data
